1,司机,863
2,便宜,620
3,出租车,548
4,分配,524
5,生产力,492
6,网约车,450
7,发展,401
8,哈哈哈,317
9,支持,305
10,垄断,301
11,技术,294
12,平台,281
13,生产关系,253
14,确实,250
15,反对,248
16,AI,243
17,科技,242
18,ai,240
19,社会,234
20,无人驾驶,234
21,企业,229
22,科技进步,223
23,涨价,218
24,时间,216
25,价格,208
26,失业,205
27,收入,204
28,无人,198
29,解决,189
30,工人,188
31,前列,187
32,利润,182
33,滴滴,182
34,时代,181
35,幻想,176
36,哈哈哈哈,166
37,补贴,165
38,国家,164
39,工资,162
40,成本,162
41,过剩,155
42,取代,152
43,岗位,146
44,不用,145
45,普通人,145
46,萝卜,145
47,行业,145
48,落后,144
49,市场,142
50,公司,140
51,只能,136
52,增加,135
53,汽车,135
54,劳动,132
55,赛博,128
56,真的,125
57,做梦,124
58,分配制度,123
59,消费者,121
60,打车,120
61,朋克,117
62,提高,117
63,一部分,114
64,这是,112
65,减少,110
66,驾驶,110
67,获利,108
68,先进,107
69,东西,107
70,消费,107
71,马克思,103
72,就业,102
73,一针见血,101
74,有人,101
75,人类,101
76,服务,99
77,劳动力,95
78,人口,93
79,外卖,93
80,人工智能,93
81,乘客,92
82,保护,92
83,生活,91
84,太对,89
85,电车,86
86,开车,86
87,不到,86
88,解放,86
89,工厂,86
90,自动,85
91,大部分,84
92,关键,84
93,淘汰,83
94,机器,82
95,越来越,79
96,200,78
97,工会,77
98,互联网,76
99,肯定,75
100,改变,75
101,赚钱,73
102,希望,73
103,文明,72
104,矛盾,70
105,利益,70
106,出路,70
107,不好,70
108,底层,70
109,国内,69
110,孩子,68
111,单子,68
112,低价,67
113,马车,67
114,两个,66
115,早就,66
116,剩余价值,66
117,关系,66
118,老板,65
119,视频,65
120,路灯,65
121,蛋糕,64
122,抽成,64
123,财富,64
124,三个,64
125,斗争,63
126,更好,63
127,是因为,63
128,原因,63
129,本质,62
130,工业革命,62
131,小时,62
132,降低,61
133,梦里,61
134,机器人,61
135,感觉,60
136,退休,60
137,唯一,60
138,出租,60
139,经济,59
140,人太多,59
141,当年,59
142,争议,59
143,下岗,58
144,创造,57
145,安全员,57
146,说得好,56
147,公有制,55
148,抢占市场,55
149,导致,54
150,道理,54
151,工作制,54
152,这句,54
153,群众,54
154,武汉,53
155,公平,52
156,一点,51
157,降本增效,51
158,享受,50
159,遥遥领先,50
160,唯物主义,50
161,地方,50
162,群体,50
163,活在,50
164,开发,49
165,出行,49
166,没人,49
167,理解,49
168,doge,48
169,世界,48
170,永远,48
171,美团,48
172,大学,48
173,简单,48
174,下降,47
175,生命,47
176,回收,46
177,共享,46
178,私有制,46
179,经济危机,46
180,收益,46
181,现实,45
182,多拉,45
183,搞笑,45
184,情况,44
185,优化,44
186,一句,44
187,制度,44
188,产能,44
189,加速,43
190,全是,43
191,未来,43
192,调控,43
193,手里,43
194,影响,43
195,好事,43
196,方式,42
197,算法,42
198,带来,42
199,通透,42
200,暂时,42
201,资源,42
202,反正,42
203,宁德,42
204,高科技,41
205,代价,41
206,资产阶级,41
207,全民,41
208,历史,41
209,分析,41
210,国外,40
211,效率,40
212,几个,40
213,素质,40
214,说白了,40
215,人工,40
216,只会,40
217,烧钱,40
218,拒载,40
219,竞争,40
220,欧美,39
221,放弃,39
222,提升,39
223,城市,39
224,来过,39
225,人力,39
226,本来,38
227,单车,38
228,员工,38
229,油车,38
230,工时,38
231,这话,38
232,观点,38
233,产品,38
234,跟上,38
235,生产过剩,38
236,恐惧,38
237,重点,38
238,人性,38
239,指望,38
240,职业,37
241,画师,37
242,压榨,37
243,传统,37
244,教育,37
245,感谢,36
246,劳动者,36
247,需求,36
248,欧洲,36
249,发生,36
250,生产资料,36
251,说话,36
252,人多,36
253,到位,36
254,办法,36
255,实际上,36
256,下雨天,36
257,方法,35
258,选择,35
259,书名号,35
260,全国,35
261,到时候,34
262,获水,34
263,饭碗,34
264,problem,34
265,一种,34
266,理由,34
267,理想,34
268,不行,34
269,卧槽,34
270,担心,33
271,当初,33
272,996,33
273,战争,33
274,解决问题,33
275,代表,32
276,没事,32
277,好像,32
278,强制,32
279,八小时,32
280,喜欢,32
281,优惠,32
282,成熟,32
283,垄断市场,32
284,狭隘,32
285,意义,31
286,价格战,31
287,理论,31
288,等于,31
289,出口,31
290,电动车,31
291,企业主,31
292,加班,31
293,研发,31
294,水平,31
295,科幻片,31
296,上海,31
297,逻辑,30
298,科幻,30
299,大学生,30
300,时刻,30
301,抵制,30
302,不均,29
303,很大,29
304,听懂,29
305,穷人,29
306,买不起,29
307,红利,29
308,这下,29
309,高价,29
310,韭菜,29
311,干掉,29
312,透彻,28
313,记录在案,28
314,哪有,28
315,人干,28
316,推广,28
317,点子,28
318,宏颜,28
319,平衡,28
320,珍妮,28
321,占领市场,28
322,身上,28
323,干嘛,28
324,绕路,28
325,醍醐灌顶,28
326,知识,28
327,保障,28
328,工具,28
329,生产者,28
330,说得对,28
331,短期,28
332,毕业,27
333,东来,27
334,跟不上,27
335,概念,27
336,万岁,27
337,涨工资,27
338,太好了,27
339,稳定,27
340,公交,27
341,保证,27
342,之间,27
343,先天,27
344,提供,27
345,荆门,27
346,第一,27
347,开网,27
348,人员,26
349,事情,26
350,明白,26
351,升级,26
352,后期,26
353,延迟,26
354,有钱人,26
355,公交车,26
356,阻挡,26
357,开源,26
358,UP,26
359,所有人,26
360,从来不,26
361,牺牲,26
362,系统,26
363,转移,26
364,最终,26
365,很难,26
366,挣钱,26
367,自私,26
368,宰客,26
369,晕车,25
370,分给,25
371,公务员,25
372,唯物,25
373,饿死,25
374,私人,25
375,告诉,25
376,阻止,25
377,自动化,25
378,价值,25
379,变多,25
380,发达,25
381,知乎,25
382,一遍,25
383,长沙,24
384,太多,24
385,手机,24
386,位置,24
387,有钱,24
388,燃油,24
389,结论,24
390,反抗,24
391,大战,24
392,领域,24
393,能力,24
394,活该,24
395,玩意,24
396,坐牢,24
397,车费,24
398,说法,24
399,社会保障,24
400,数据,24
401,年前,24
402,工作岗位,24
403,力量,24
404,计划,24
405,打过,24
406,记得,24
407,建议,23
408,阶级矛盾,23
409,运动,23
410,老师,23
411,控制,23
412,一堆,23
413,飞机,23
414,30%,23
415,北海,23
416,日均,23
417,核心,23
418,没关系,23
419,美好,23
420,生意,23
421,为啥,23
422,没法,23
423,改进,23
424,买车,23
425,多人,23
426,一人,23
427,投币,22
428,点赞,22
429,没说,22
430,宏大,22
431,叙事,22
432,华为,22
433,投入,22
434,想想,22
435,通缩,22
436,请问,22
437,导航,22
438,李彦宏,22
439,祥子,22
440,长期,22
441,底特律,22
442,人少,22
443,解决方案,22
444,国企,22
445,坐车,22
446,缩短,22
447,第二次,22
448,红旗,21
449,动能,21
450,地铁,21
451,体验,21
452,卢德,21
453,干活,21
454,意味着,21
455,事实,21
456,不合理,21
457,小米,21
458,放心,21
459,一台,21
460,权利,21
461,占领,21
462,厉害,21
463,融资,21
464,毛病,21
465,赛道,21
466,跟着,21
467,外企,21
468,杀熟,21
469,口碑,21
470,模式,20
471,老百姓,20
472,百万,20
473,回去,20
474,醒醒,20
475,能干,20
476,得来,20
477,学习,20
478,至少,20
479,重庆,20
480,待遇,20
481,特斯拉,20
482,电费,20
483,消灭,20
484,祸水,20
485,弹幕,20
486,真实,20
487,吃饭,20
488,罗技,20
489,月薪,20
490,动画,20
491,制约,20
492,我晕,20
493,没错,19
494,异化,19
495,聊天,19
496,武器,19
497,操作,19
498,抛弃,19
499,到来,19
500,经典,19
501,火车,19
502,地球,19
503,红颜,19
504,马斯克,19
505,师傅,19
506,参考,19
507,用户,19
508,超过,19
509,不算,19
510,内需,19
511,变人,19
512,进厂,19
513,学过,19
514,单价,19
515,300,19
516,油费,19
517,真人,19
518,掌控,19
519,收缩,19
520,制定,19
521,大势所趋,19
522,昨天,19
523,制造,18
524,大众,18
525,笑话,18
526,抽烟,18
527,货车,18
528,好多,18
529,路线,18
530,接单,18
531,启动,18
532,因素,18
533,目的,18
534,很快,18
535,蚌埠,18
536,道德,18
537,兄弟,18
538,税收,18
539,想起,18
540,中年人,18
541,老马,18
542,落实,18
543,慢慢,18
544,真理,18
545,几次,18
546,恢复,18
547,循环,18
548,思路,18
549,就行了,18
550,土地,18
551,6000,18
552,不想,18
553,道路,18
554,画画,18
555,危险,18
556,发明,18
557,批判,18
558,节省,18
559,权益,18
560,一块,18
561,无敌,18
562,伴有,18
563,发动机,18
564,投诉,18
565,1.5,18
566,那种,17
567,智能,17
568,免费,17
569,社会制度,17
570,头上,17
571,想法,17
572,速度,17
573,支付,17
574,一半,17
575,安排,17
576,哪来,17
577,有个,17
578,答案,17
579,绘画,17
580,资产,17
581,超时,17
582,环境,17
583,很差,17
584,人为,17
585,花钱,17
586,问号,17
587,贫富差距,17
588,物价,17
589,赡养,17
590,无所谓,17
591,收费,17
592,张全,17
593,家庭,17
594,考研,17
595,没学过,17
596,读书,17
597,这段,17
598,全自动,17
599,好处,17
600,恐怖,17
601,盈利,17
602,贪婪,17
603,降低成本,17
604,动力,16
605,不该,16
606,发出,16
607,黄包车,16
608,后人,16
609,智慧,16
610,自然,16
611,阵痛,16
612,忽略,16
613,终于,16
614,企业家,16
615,设备,16
616,准确,16
617,剩下,16
618,拉动,16
619,想到,16
620,不去,16
621,马克思主义,16
622,抢走,16
623,感受,16
624,不错,16
625,房子,16
626,刚刚,16
627,门槛,16
628,进一步,16
629,难受,16
630,提出,16
631,额外,16
632,拉曼,16
633,责任,16
634,调休,16
635,保养,16
636,去掉,16
637,态度,16
638,车夫,16
639,长远,16
640,探头,16
641,双赢,16
642,学会,16
643,按劳分配,16
644,主打,16
645,搞头,16
646,义务教育,16
647,芯片,16
648,委婉,16
649,极差,16
650,睡觉,16
651,缓解,16
652,一车,16
653,翻译,16
654,技术人员,16
655,文案,16
656,二环,16
657,马原,16
658,四天,16
659,不患,16
660,寡而患,16
661,北京西站,16
662,预备,15
663,包括,15
664,危机,15
665,造福,15
666,没多,15
667,大规模,15
668,一段,15
669,十年,15
670,正当竞争,15
671,你币,15
672,机械唯物主义,15
673,早饭,15
674,许愿,15
675,指定,15
676,分配关系,15
677,深圳,15
678,思考,15
679,破坏,15
680,特别,15
681,蒸汽机,15
682,北京,15
683,工业,15
684,前期,15
685,回来,15
686,第一次,15
687,生存,15
688,天天,15
689,抢饭碗,15
690,转行,15
691,政治,15
692,点名,15
693,一口价,15
694,落地,15
695,恐慌,15
696,两百,15
697,省流,15
698,太贵,15
699,体力,15
700,薪资,15
701,提价,15
702,有用,15
703,完善,15
704,赶紧,15
705,的士,15
706,CG,15
707,公有化,15
708,回答,15
709,有时候,15
710,抗争,15
711,数量,14
712,放假,14
713,压力,14
714,售票员,14
715,教科书,14
716,民众,14
717,事件,14
718,说到底,14
719,阶段,14
720,农村,14
721,看不到,14
722,所有制,14
723,负责,14
724,百姓,14
725,笑死人,14
726,现状,14
727,普及,14
728,漂亮,14
729,这才,14
730,听不懂,14
731,外国,14
732,全球,14
733,就行,14
734,精辟,14
735,缝纫机,14
736,一份,14
737,推行,14
738,我家,14
739,上百万,14
740,公里,14
741,一条,14
742,退出,14
743,低保,14
744,不好过,14
745,镰刀,14
746,饱和,14
747,学生,14
748,吃瓜,14
749,泼水,14
750,便利,14
751,性价比,14
752,发钱,14
753,可逆,14
754,质疑,14
755,机构,14
756,脸色,14
757,原先,14
758,一粒,14
759,一座,14
760,大山,14
761,毁灭,14
762,不住,14
763,路子,14
764,期待,14
765,最佳,14
766,再生产,14
767,引号,14
768,低廉,14
769,进场,14
770,没想,14
771,应得,14
772,阻碍,13
773,产业,13
774,获益,13
775,基础,13
776,空调,13
777,既得利益者,13
778,内卷,13
779,例子,13
780,其他人,13
781,朋友,13
782,推动,13
783,中肯,13
784,专业,13
785,哈耶克,13
786,纺织,13
787,纺织机,13
788,牛奶,13
789,变革,13
790,实话,13
791,发声,13
792,证明,13
793,前提,13
794,残疾人,13
795,十几个,13
796,不让,13
797,百年,13
798,以人为本,13
799,数字,13
800,年轻人,13
801,艺术,13
802,几百万,13
803,修车,13
804,充电,13
805,开玩笑,13
806,降价,13
807,伴随,13
808,whats,13
809,没用,13
810,太棒了,13
811,才行,13
812,改造,13
813,陷入,13
814,牛马,13
815,地区,13
816,不信,13
817,高铁,13
818,明天,13
819,车是,13
820,没算,13
821,超级,13
822,会员,13
823,山西,13
824,计划经济,13
825,大象,13
826,解决不了,13
827,回旋,13
828,平均,13
829,骑车,13
830,老人,13
831,坐地铁,13
832,萧条,12
833,发现,12
834,跳出,12
835,主义,12
836,叠甲,12
837,程序,12
838,爆炸,12
839,绷住,12
840,无产者,12
841,套路,12
842,别念,12
843,匹配,12
844,滞后,12
845,投资,12
846,照样,12
847,投放,12
848,更累,12
849,理想化,12
850,人去,12
851,讨论,12
852,辛苦,12
853,还给,12
854,白日梦,12
855,适合,12
856,人能,12
857,扰乱,12
858,日子,12
859,更少,12
860,转型,12
861,承担,12
862,出事,12
863,订单,12
864,一股,12
865,马车夫,12
866,绘图,12
867,商品,12
868,10%,12
869,几块钱,12
870,那帮,12
871,定价,12
872,懂吗,12
873,事教人,12
874,工种,12
875,租出去,12
876,还少,12
877,下工,12
878,因噎废食,12
879,发展中国家,12
880,太深,12
881,科学技术,12
882,无偿,12
883,客服,12
884,伟人,12
885,承包,12
886,交税,12
887,北约,12
888,说错,12
889,活动,12
890,对不起,12
891,一套,12
892,挡不住,12
893,抑制,12
894,分到,12
895,没本事,12
896,结束,11
897,收归国有,11
898,车里,11
899,监管,11
900,手上,11
901,粮食,11
902,背后,11
903,废话,11
904,好好,11
905,按需分配,11
906,害怕,11
907,干得,11
908,定义,11
909,三台,11
910,疯狂,11
911,联合,11
912,体制,11
913,块钱,11
914,事物,11
915,幸福,11
916,总量,11
917,实践,11
918,结局,11
919,维护,11
920,一张,11
921,程度,11
922,英国,11
923,购买力,11
924,躺平,11
925,规则,11
926,这能,11
927,几十年,11
928,先给,11
929,一辆车,11
930,科学,11
931,谢谢,11
932,预警,11
933,起码,11
934,加油,11
935,随便,11
936,谨慎,11
937,出生,11
938,养肥,11
939,加大力度,11
940,流水线,11
941,年代,11
942,历史舞台,11
943,努力,11
944,私有,11
945,个人利益,11
946,直播,11
947,一下子,11
948,纯纯,11
949,每次,11
950,2077,11
951,多收,11
952,堵车,11
953,啥事,11
954,公开,11
955,打败,11
956,质量,11
957,说人话,11
958,水下,11
959,第一个,11
960,顾客,11
961,视角,11
962,第一句,11
963,Ai,11
964,参与,11
965,要交,11
966,过多,11
967,卖货,11
968,多开,11
969,事实上,11
970,当做,11
971,产出,11
972,意识,10
973,风琴,10
974,想着,10
975,抽走,10
976,同意,10
977,寡头,10
978,规模,10
979,g29,10
980,电动,10
981,好几年,10
982,鼓掌,10
983,太少,10
984,网约,10
985,加价,10
986,公会,10
987,我国,10
988,温饱,10
989,结合实际,10
990,打表,10
991,威胁,10
992,听到,10
993,付出,10
994,私家车,10
995,反噬,10
996,快乐,10
997,真相,10
998,一说到,10
999,过程,10
1000,夺走,10
1001,现象,10
1002,真敢,10
1003,持续,10
1004,支撑,10
1005,阶级,10
1006,开启,10
1007,没上,10
1008,大爷,10
1009,势在必行,10
1010,留下,10
1011,主人,10
1012,中间商,10
1013,物竞天择,10
1014,利用,10
1015,干什么,10
1016,评论,10
1017,差距,10
1018,可行,10
1019,退步,10
1020,低点,10
1021,路上,10
1022,死循环,10
1023,好笑,10
1024,拼命,10
1025,哈哈大笑,10
1026,少生,10
1027,房地产,10
1028,相关,10
1029,就够,10
1030,就让,10
1031,驾校,10
1032,关心,10
1033,高危,10
1034,千古,10
1035,从业者,10
1036,解决办法,10
1037,算是,10
1038,想要,10
1039,坐过,10
1040,公共交通,10
1041,腰包,10
1042,民生,10
1043,马列,10
1044,大胆,10
1045,调整,10
1046,出生率,10
1047,试试,10
1048,三辆,10
1049,求生,10
1050,这有,10
1051,这么回事,10
1052,起步,10
1053,样子,10
1054,摆烂,10
1055,固定,10
1056,打到,10
1057,早晚,10
1058,反对者,10
1059,中学,10
1060,铺开,10
1061,梦想,10
1062,创业,10
1063,中医,10
1064,非要,10
1065,可笑,10
1066,出手,10
1067,升价,10
1068,不值钱,10
1069,我妈,10
1070,办公室,10
1071,最初,10
1072,类似,10
1073,讲解,10
1074,十分之一,10
1075,生成,10
1076,东北,10
1077,锄头,10
1078,惶惶,10
1079,约束,10
1080,文化,10
1081,注定,10
1082,太牛,10
1083,一路,10
1084,程序员,10
1085,外地,10
1086,省钱,10
1087,保命,10
1088,薪酬,10
1089,服务业,9
1090,大于,9
1091,推出,9
1092,优惠券,9
1093,阿巴,9
1094,遗憾,9
1095,高中,9
1096,嘻嘻,9
1097,成都,9
1098,2024,9
1099,农民,9
1100,依旧,9
1101,场面,9
1102,电子,9
1103,几年,9
1104,纺织业,9
1105,天津,9
1106,消化,9
1107,啊啊啊,9
1108,现有,9
1109,一批,9
1110,二战,9
1111,诞生,9
1112,强迫,9
1113,那句话,9
1114,机械,9
1115,胡说八道,9
1116,权力,9
1117,规律,9
1118,圈钱,9
1119,交通,9
1120,计算机,9
1121,课本,9
1122,意见,9
1123,超额,9
1124,一刀,9
1125,绝大多数,9
1126,善心,9
1127,可不是,9
1128,礼让,9
1129,剥夺,9
1130,2AI,9
1131,太强,9
1132,纺织工人,9
1133,重新分配,9
1134,种地,9
1135,没涨,9
1136,这段话,9
1137,一单,9
1138,Up,9
1139,螺丝,9
1140,壁垒,9
1141,街上,9
1142,谋生,9
1143,用于,9
1144,喷火,9
1145,最中,9
1146,试行,9
1147,考试,9
1148,苏联,9
1149,线下,9
1150,可能性,9
1151,效率高,9
1152,台子,9
1153,实质,9
1154,就别,9
1155,体系,9
1156,丢人,9
1157,乌托邦,9
1158,失业者,9
1159,百分之,9
1160,试点,9
1161,女生,9
1162,解答,9
1163,比例,9
1164,替换,9
1165,打工,9
1166,取缔,9
1167,论文,9
1168,拗口,9
1169,挖煤,9
1170,思聪,9
1171,纯收入,9
1172,上周,9
1173,见到,9
1174,负担,9
1175,坐标,9
1176,活钱,9
1177,辞职,9
1178,先用,9
1179,哥们,9
1180,选网,9
1181,无忧无虑,9
1182,小辟孩,9
1183,学费,9
1184,老爹,9
1185,劳了,9
1186,执行者,9
1187,托底,9
1188,3D,9
1189,人脑,9
1190,影响力,9
1191,巴拉巴,9
1192,预设立场,9
1193,富得,9
1194,越富,9
1195,中央,9
1196,自由,9
1197,营收,9
1198,车祸,9
1199,车有,9
1200,赔付,9
1201,很多遍,9
1202,南站,9
1203,二百块,9
1204,逼死,9
1205,对手,9
1206,相匹配,9
1207,入市,9
1208,公家,9
1209,近十年,9
1210,扪心自问,9
1211,耳熟,9
1212,耍流氓,9
1213,商品价格,9
1214,阿拉丁,9
1215,神灯,9
1216,价格便宜,9
1217,流通,9
1218,以往,9
1219,不在少数,9
1220,争论,9
1221,媒介,9
1222,旅游,9
1223,刀削面,9
1224,深刻印象,9
1225,组织,9
1226,赋予,9
1227,劳动密集型,9
1228,退回,9
1229,抬轿子,9
1230,槟郎味,9
1231,打字员,9
1232,收银员,9
1233,惠民,9
1234,通病,9
1235,打发,9
1236,谈下,9
1237,悲观,9
1238,同理,9
1239,偏远地区,9
1240,全员,9
1241,鄂人,9
1242,长沙火车站,9
1243,上车,9
1244,大厂,9
1245,精英,9
1246,起点,9
1247,码头,9
1248,搬运工,9
1249,集装箱,9
1250,至此,9
1251,已成,9
1252,每月,9
1253,普遍现象,9
1254,优带,9
1255,源头,9
1256,EMP,9
1257,太时,9
1258,不敢苟同,9
1259,液体,9
1260,尾焰,9
1261,固体,9
1262,走神,9
1263,高光,9
1264,开头,9
1265,开大,9
1266,哥们儿,9
1267,一绕,9
1268,灰尘,9
1269,硬着头皮,9
1270,春晚,9
1271,考编,9
1272,完全同意,9
1273,寄信,9
1274,数据安全,9
1275,学个,9
1276,驾照,9
1277,怎么回事,9
1278,半年,9
1279,带薪,9
1280,房间,9
1281,显形,9
1282,指向,9
1283,的哥,9
1284,44444,9
1285,不反,9
1286,农村户口,9
1287,算不上,9
1288,挂靠,9
1289,本该,9
1290,却成,9
1291,人口密度,9
1292,用得上,9
1293,与你何干,9
1294,啥时候,9
1295,不管怎么,9
1296,两份,9
1297,多生,9
1298,社保,9
1299,丢掉,8
1300,含金量,8
1301,团结,8
1302,根本矛盾,8
1303,没饭,8
1304,急事,8
1305,钱包,8
1306,变化,8
1307,网友,8
1308,乐子,8
1309,养家糊口,8
1310,费用,8
1311,死活,8
1312,面包,8
1313,发达国家,8
1314,研究,8
1315,劳动强度,8
1316,上班,8
1317,世界大战,8
1318,家里,8
1319,主要矛盾,8
1320,运维,8
1321,莱特,8
1322,生存空间,8
1323,离谱,8
1324,革命,8
1325,像是,8
1326,一语中的,8
1327,适者生存,8
1328,说出,8
1329,认同,8
1330,领先,8
1331,养活,8
1332,场景,8
1333,方案,8
1334,发展观,8
1335,一个月,8
1336,再割,8
1337,降下来,8
1338,稀罕,8
1339,找个,8
1340,乞丐,8
1341,分配模式,8
1342,竞争力,8
1343,十几块,8
1344,思想,8
1345,升华,8
1346,睡着,8
1347,配套,8
1348,开支,8
1349,可怜,8
1350,郑州,8
1351,认可,8
1352,活不下去,8
1353,太原,8
1354,后续,8
1355,99%,8
1356,出发点,8
1357,咋办,8
1358,卓别林,8
1359,安置,8
1360,机场,8
1361,律师函,8
1362,警告,8
1363,节点,8
1364,通俗易懂,8
1365,不当,8
1366,天下,8
1367,666666,8
1368,没能,8
1369,租子,8
1370,收人,8
1371,逆转,8
1372,玩家,8
1373,报道,8
1374,完蛋,8
1375,算死,8
1376,教训,8
1377,更虎,8
1378,围棋,8
1379,巅峰,8
1380,和平,8
1381,图马思特,8
1382,感同身受,8
1383,这太难,8
1384,NAI,8
1385,巴不得,8
1386,转告,8
1387,维护费用,8
1388,寂寞,8
1389,不先出,8
1390,机票,8
1391,大哥,8
1392,gun,8
1393,刀战,8
1394,既得利益,8
1395,就业机会,8
1396,资料,8
1397,拿到,8
1398,懂王,8
1399,经费,8
1400,表现,8
1401,实验,8
1402,论点,8
1403,刹车,8
1404,典得,8
1405,振聋发聩,8
1406,混淆,8
1407,京报,8
1408,看法,8
1409,造个,8
1410,试一下,8
1411,Qai,8
1412,画家,8
1413,心疼,8
1414,OK,8
1415,串场,8
1416,现阶段,8
1417,十个,8
1418,先干到,8
1419,好玩,8
1420,北站,8
1421,nice,8
1422,赶进,8
1423,1000,8
1424,家庭式,8
1425,旧有,8
1426,道路设施,8
1427,强硬,8
1428,插入,8
1429,世纪,8
1430,老师傅,8
1431,没泼,8
1432,硫酸,8
1433,客气,8
1434,真看,8
1435,欲望,8
1436,没降,8
1437,配置,8
1438,yygq,8
1439,蓄水池,8
1440,弄出来,8
1441,社会治安,8
1442,会乱成,8
1443,可比,8
1444,私企,8
1445,敞篷,8
1446,三轮,8
1447,能先,8
1448,当硅基,8
1449,碳基,8
1450,货币化,8
1451,高中生,8
1452,课是,8
1453,逃课,8
1454,比登,8
1455,tnnd,8
1456,倍速,8
1457,重复,8
1458,解释一下,8
1459,海洛因,8
1460,很难说,8
1461,晚班,8
1462,非洲,8
1463,看热闹,8
1464,不嫌,8
1465,事大,8
1466,但省,8
1467,更烂,8
1468,未曾,8
1469,设想,8
1470,炒菜,8
1471,红线,8
1472,拿税,8
1473,暂时性,8
1474,乡下,8
1475,耕地,8
1476,共情,8
1477,回避,8
1478,一个点,8
1479,综合,8
1480,效应,8
1481,并不需要,8
1482,尊重,8
1483,蓝领,8
1484,上万,8
1485,年薪,8
1486,十几万,8
1487,鄙视,8
1488,不爽,8
1489,信任,8
1490,可不可以,8
1491,路面,8
1492,如果说,8
1493,达尔文,8
1494,进化论,8
1495,一代,8
1496,不足以,8
1497,养育,8
1498,下一代,8
1499,似曾相识,8
1500,100%,8
1501,新人,8
1502,加塞,8
1503,看得起,8
1504,贵多,8
1505,G20,8
1506,1990,8
1507,化解,8
1508,這個,8
1509,澆水,8
1510,街道,8
1511,车上,8
1512,顺畅,8
1513,回想,8
1514,黑客,8
1515,长久之计,8
1516,今日,8
1517,简史,8
1518,谈到,8
1519,智人,8
1520,快速,8
1521,进化,8
1522,执行,8
1523,作业,8
1524,各家各户,8
1525,分割,8
1526,车不晕,8
1527,上天,8
1528,要命,8
1529,饭后,8
1530,恶劣,8
1531,车企能,8
1532,跳脚,8
1533,多个,8
1534,汽车行业,8
1535,推手,8
1536,马哲小,8
1537,两天,8
1538,纠结,8
1539,混淆视听,8
1540,网络平台,8
1541,名誉,8
1542,演变成,8
1543,从生到死,8
1544,巨企,8
1545,产者,8
1546,老实,8
1547,挺烦,8
1548,成本低,8
1549,技术革新,8
1550,电商,8
1551,做大后,8
1552,变迁,8
1553,居多,8
1554,毛线,8
1555,下调,8
1556,侵占,8
1557,两倍,8
1558,感激涕零,8
1559,出厂,8
1560,设置,8
1561,敢不敢,8
1562,谴责,8
1563,像不像,8
1564,前任,8
1565,不晕,8
1566,诡异,8
1567,时数,8
1568,接客,8
1569,不教,8
1570,执照,8
1571,做主,8
1572,yih,8
1573,安庆,8
1574,不好意思,8
1575,思想道德,8
1576,基准,8
1577,waymo,8
1578,起脚,8
1579,阴阳怪气,8
1580,画手,8
1581,家境,8
1582,富裕,8
1583,低谷,8
1584,不干,8
1585,服务员,8
1586,加薪,8
1587,越往后,8
1588,越贵,8
1589,好敢,8
1590,依赖,8
1591,重看,8
1592,九年制,8
1593,hhhhhhhhhhhhhhhhhhh,8
1594,通货膨胀,8
1595,街电,8
1596,摩拜,8
1597,技术员,8
1598,多学,8
1599,白菜,8
1600,樱桃,8
1601,草莓,8
1602,香蕉,8
1603,外国人,8
1604,yan,8
1605,有车,8
1606,金钱,8
1607,迷恋,8
1608,无尽,8
1609,贪欲,8
1610,害人,8
1611,堪忧,8
1612,补偿,8
1613,闲暇,8
1614,曲线,8
1615,必修,8
1616,上学,8
1617,反驳,8
1618,中等生,8
1619,课题,8
1620,全班,8
1621,第一名,8
1622,脚步,8
1623,当坐,8
1624,撞死,8
1625,赔钱,8
1626,最快,8
1627,训练,8
1628,良心发现,8
1629,卖血,8
1630,惊喜,8
1631,初次,8
1632,三环,8
1633,能到,8
1634,单论,8
1635,航母,8
1636,用桨划,8
1637,第一步,8
1638,第二步,8
1639,轻轨,8
1640,第三步,8
1641,永久性,8
1642,主义者,8
1643,演绎,8
1644,意愿,8
1645,抽点,8
1646,清蒸,8
1647,红烧,8
1648,茅塞顿开,8
1649,打印机,8
1650,几片,8
1651,h100,8
1652,西瓜,8
1653,九头,8
1654,有幸,8
1655,纳税,8
1656,IUP,8
1657,多接,8
1658,快变,8
1659,算上,8
1660,滋润,8
1661,适应环境,8
1662,论好,8
1663,怪物,8
1664,养料,8
1665,极限,8
1666,人当,8
1667,重灾区,8
1668,层层,8
1669,偏低,8
1670,拼了命,8
1671,更卷,8
1672,上班时间,8
1673,这份,8
1674,推都,8
1675,回报,8
1676,承担风险,8
1677,黄蓝,8
1678,纠纷,8
1679,烟味,8
1680,流水,8
1681,延续,8
1682,满意,8
1683,土豪,8
1684,调研,8
1685,双手,8
1686,时快时慢,7
1687,可惜,7
1688,可怕,7
1689,嘲讽,7
1690,真有,7
1691,吹牛,7
1692,这期,7
1693,好比,7
1694,相互,7
1695,网上,7
1696,自发,7
1697,漕工,7
1698,经历,7
1699,加剧,7
1700,城市化,7
1701,增长,7
1702,面临,7
1703,消失,7
1704,快递,7
1705,载客,7
1706,那位,7
1707,持股,7
1708,定律,7
1709,对立,7
1710,飙车,7
1711,休息,7
1712,意志,7
1713,福特,7
1714,可不,7
1715,多久,7
1716,直白,7
1717,两年,7
1718,得利,7
1719,五年,7
1720,屁事,7
1721,抬高,7
1722,太难,7
1723,受益,7
1724,机会,7
1725,太天真,7
1726,上帝,7
1727,魏则,7
1728,承担责任,7
1729,清晰,7
1730,休息日,7
1731,符合,7
1732,早已,7
1733,锤子,7
1734,它会,7
1735,监控,7
1736,监控室,7
1737,多难,7
1738,工人阶级,7
1739,活儿,7
1740,施舍,7
1741,活路,7
1742,支出,7
1743,冲突,7
1744,交给,7
1745,妥妥,7
1746,辆车,7
1747,贬值,7
1748,张口,7
1749,被窝,7
1750,我测,7
1751,哈哈笑,7
1752,业外,7
1753,冷嘲热讽,7
1754,不急哈,7
1755,事业,7
1756,掏空,7
1757,违规,7
1758,摩登时代,7
1759,打折,7
1760,原价,7
1761,测试数据,7
1762,早有,7
1763,书上,7
1764,会调,7
1765,目前为止,7
1766,精简,7
1767,会信,7
1768,纺织厂,7
1769,顺风,7
1770,乱象,7
1771,这块,7
1772,剧本,7
1773,拉开距离,7
1774,BAI,7
1775,金融业,7
1776,也许,7
1777,A股,7
1778,烂摊子,7
1779,再少,7
1780,方向,7
1781,谈不上,7
1782,科幻小说,7
1783,阐述,7
1784,一幕,7
1785,内心,7
1786,理所应当,7
1787,无可厚非,7
1788,换算,7
1789,第四条,7
1790,金融,7
1791,当地人,7
1792,持有,7
1793,股票,7
1794,交通工具,7
1795,转而,7
1796,同质,7
1797,涨回来,7
1798,同情,7
1799,合适,7
1800,培训,7
1801,三十,7
1802,太大,7
1803,dream,7
1804,单休,7
1805,剪刀差,7
1806,低迷,7
1807,上限,7
1808,我怕,7
1809,持平,7
1810,这锅,7
1811,浓烈,7
1812,多车,7
1813,繁重,7
1814,挺强,7
1815,高傲,7
1816,111111111,7
1817,业余时间,7
1818,挣点,7
1819,零花钱,7
1820,美名,7
1821,后要,7
1822,咋样,7
1823,厂妹,7
1824,无数,7
1825,够买,7
1826,一部,7
1827,绝不能,7
1828,瓷器,7
1829,加量,7
1830,现如今,7
1831,新手,7
1832,多块,7
1833,阳泉,7
1834,看破,7
1835,拿太多,7
1836,惠给,7
1837,鸡皮疙瘩,7
1838,天道,7
1839,轮回,7
1840,我读,7
1841,内部矛盾,7
1842,外部,7
1843,地铁站,7
1844,着急,7
1845,暴力,7
1846,类人,7
1847,话说回来,7
1848,说大话,7
1849,涉及,7
1850,数码相机,7
1851,交卷,7
1852,休息时间,7
1853,心坎,7
1854,开业,7
1855,同行,7
1856,敢讲,7
1857,无论是,7
1858,卖家,7
1859,DNA,7
1860,fake,7
1861,news,7
1862,不符,7
1863,补充,7
1864,后会,7
1865,外需,7
1866,累钱,7
1867,精确,7
1868,做不了,7
1869,小家,7
1870,光杆司令,7
1871,Official,7
1872,机不,7
1873,压成,7
1874,肉饼,7
1875,严峻,7
1876,有家,7
1877,要养,7
1878,拉拉,7
1879,别用,7
1880,新车,7
1881,谷歌,7
1882,自管,7
1883,对标,7
1884,在家,7
1885,出资,7
1886,一波,7
1887,hahahahahhhhhhhhhh,7
1888,pihua,7
1889,富贵,7
1890,相忘,7
1891,爱抽烟,7
1892,对辣,7
1893,浮于,7
1894,表面,7
1895,能行,7
1896,周六,7
1897,良心,7
1898,工业化,7
1899,好些,7
1900,估计,6
1901,眼睛,6
1902,同感,6
1903,队长,6
1904,客运,6
1905,本地人,6
1906,结构,6
1907,方向盘,6
1908,违法,6
1909,浇水,6
1910,回归,6
1911,赚取,6
1912,区别,6
1913,大国,6
1914,问题所在,6
1915,立场,6
1916,还会,6
1917,狗头,6
1918,没想到,6
1919,招手,6
1920,黑车,6
1921,实行,6
1922,舍不得,6
1923,拍手称快,6
1924,承认,6
1925,一年,6
1926,衣食,6
1927,所系,6
1928,ubi,6
1929,接受,6
1930,价钱,6
1931,观众,6
1932,技能,6
1933,加倍,6
1934,轻松,6
1935,打算,6
1936,国有化,6
1937,舒服,6
1938,讲得,6
1939,集体,6
1940,平稳,6
1941,大声,6
1942,没见,6
1943,漏洞,6
1944,没落,6
1945,加大,6
1946,公务车,6
1947,依然,6
1948,分红,6
1949,医疗,6
1950,求生欲,6
1951,苦力,6
1952,打击,6
1953,更贵,6
1954,起步价,6
1955,赚了钱,6
1956,gm,6
1957,阶层,6
1958,这方面,6
1959,多年,6
1960,没得,6
1961,要钱,6
1962,概率,6
1963,运作,6
1964,乘坐,6
1965,这不比,6
1966,接管,6
1967,魅力,6
1968,衔接,6
1969,边缘,6
1970,建筑,6
1971,双休,6
1972,反垄断法,6
1973,教师,6
1974,兜里,6
1975,降到,6
1976,更新,6
1977,深有体会,6
1978,学历,6
1979,为难,6
1980,股权,6
1981,人开,6
1982,别忘了,6
1983,人力资源,6
1984,羊毛出在羊身上,6
1985,油钱,6
1986,强行,6
1987,违章,6
1988,董明珠,6
1989,无人机,6
1990,国际,6
1991,优步,6
1992,真说,6
1993,不动,6
1994,收回,6
1995,宰过,6
1996,交通事故,6
1997,图画,6
1998,一家独大,6
1999,但会,6
2000,公平竞争,6
2001,跑不了,6
2002,父母,6
2003,兴趣,6
2004,股份,6
2005,点个,6
2006,着想,6
2007,开场,6
2008,拒绝,6
2009,多一点,6
2010,愿景,6
2011,内所,6
2012,钱生,6
2013,赤石,6
2014,还生,6
2015,配生,6
2016,利益驱动,6
2017,高新科技,6
2018,背锅,6
2019,ASDFGHYJUKL,6
2020,税来,6
2021,浪潮,6
2022,人分,6
2023,锅里,6
2024,USA,6
2025,入关,6
2026,果粒,6
2027,老一辈,6
2028,出卖,6
2029,适配,6
2030,荆楚,6
2031,理工,6
2032,露头,6
2033,杀死,6
2034,事不关己,6
2035,游荡,6
2036,独创,6
2037,这一,6
2038,超脱,6
2039,反垄断,6
2040,领导权,6
2041,账号,6
2042,恐惧感,6
2043,摊到,6
2044,比人,6
2045,中心,6
2046,汽车站,6
2047,北三环,6
2048,拿走,6
2049,增加收入,6
2050,谬论,6
2051,少生点,6
2052,真算,6
2053,交警,6
2054,嘴替,6
2055,我勒个,6
2056,投钱,6
2057,明子,6
2058,00OIP,6
2059,Q.1,6
2060,形势,6
2061,事实证明,6
2062,傻瓜式,6
2063,强弱,6
2064,配不上,6
2065,部件,6
2066,老车,6
2067,触发,6
2068,关键词,6
2069,招安,6
2070,封面,6
2071,假币,6
2072,发布,6
2073,每周,6
2074,又创新高,6
2075,有理,6
2076,有口皆碑,6
2077,屏蔽,6
2078,农业,6
2079,支柱产业,6
2080,照顾,6
2081,变更,6
2082,tAI,6
2083,话语权,6
2084,溢价,6
2085,随随便便,6
2086,毕业生,6
2087,名额,6
2088,何谈,6
2089,成家,6
2090,地点,6
2091,上下车,6
2092,顺利,6
2093,鸡蛋,6
2094,扔烂,6
2095,菜叶,6
2096,优良传统,6
2097,忍无可忍,6
2098,拍子,6
2099,打死,6
2100,卖地,6
2101,纽约,6
2102,老大爷,6
2103,几十个,6
2104,嫌贵,6
2105,始终,6
2106,向前走,6
2107,停滞不前,6
2108,我整,6
2109,快慢,6
2110,可控,6
2111,矿区,6
2112,二路,6
2113,段时间,6
2114,乱说,6
2115,管得,6
2116,pdd,6
2117,商家,6
2118,白个,6
2119,国有,6
2120,后果,6
2121,近几年,6
2122,人工成本,6
2123,激烈,6
2124,过少,6
2125,下班时间,6
2126,下雨,6
2127,抢饭,6
2128,穿越,6
2129,吃不起,6
2130,照本宣科,6
2131,资金,6
2132,动力车,6
2133,织布,5
2134,政府,5
2135,捞钱,5
2136,制造业,5
2137,买得起,5
2138,建立,5
2139,我能,5
2140,味道,5
2141,底色,5
2142,缓存,5
2143,我要,5
2144,是从,5
2145,净收入,5
2146,呼叫,5
2147,极低,5
2148,拉车,5
2149,纺纱机,5
2150,本事,5
2151,三倍,5
2152,入侵,5
2153,释放,5
2154,长春,5
2155,要死,5
2156,西方,5
2157,陷阱,5
2158,倾销,5
2159,跳水,5
2160,恍然大悟,5
2161,奇怪,5
2162,格局,5
2163,形式,5
2164,富人,5
2165,美梦,5
2166,容纳,5
2167,666,5
2168,体力劳动,5
2169,人才,5
2170,像样,5
2171,三四十,5
2172,好不好,5
2173,没得说,5
2174,wok,5
2175,赶到,5
2176,低端,5
2177,炒作,5
2178,瞬间,5
2179,下车,5
2180,法律,5
2181,国产,5
2182,想得美,5
2183,熟悉,5
2184,思想觉悟,5
2185,好办,5
2186,恶性竞争,5
2187,绝大部分,5
2188,别怪,5
2189,说实话,5
2190,早点,5
2191,优质,5
2192,网购,5
2193,领导,5
2194,讨厌,5
2195,突破,5
2196,灭霸,5
2197,挡得住,5
2198,情绪,5
2199,抱怨,5
2200,活干,5
2201,讽刺,5
2202,挤死,5
2203,陌生,5
2204,竞争对手,5
2205,马夫,5
2206,任何人,5
2207,犯罪率,5
2208,建筑工人,5
2209,马哲,5
2210,批评,5
2211,举报,5
2212,收税,5
2213,惨淡,5
2214,协调,5
2215,这样的话,5
2216,既要,5
2217,一瞬间,5
2218,米尔豪,5
2219,法力,5
2220,风暴,5
2221,O1000,5
2222,多万,5
2223,减去,5
2224,时期,5
2225,顶层,5
2226,广告费,5
2227,跑车,5
2228,远大于,5
2229,导游,5
2230,积怨,5
2231,计划分配,5
2232,福祉,5
2233,必要条件,5
2234,购置,5
2235,8Ai,5
2236,巴掌,5
2237,兴起,5
2238,人用,5
2239,预言,5
2240,没人刷,5
2241,生产工具,5
2242,责任感,5
2243,加工资,5
2244,猜想,5
2245,多够,5
2246,更快,5
2247,慢点,5
2248,嫌弃,5
2249,娇贵,5
2250,留着,5
2251,过年,5
2252,车内,5
2253,抽奖,5
2254,地位,5
2255,心声,5
2256,分神,5
2257,战术性,5
2258,停顿,5
2259,车行,5
2260,单从,5
2261,宏观,5
2262,特殊性,5
2263,末流,5
2264,节约,5
2265,自私自利,5
2266,超额利润,5
2267,必定会,5
2268,倒推,5
2269,连件,5
2270,漂亮衣服,5
2271,犯罪,5
2272,该炸,5
2273,荒坂塔,5
2274,责成,5
2275,预案,5
2276,打官司,5
2277,罗素,5
2278,要考,5
2279,三分,5
2280,活领,5
2281,开发者,5
2282,大会,5
2283,近距离,5
2284,常见,5
2285,赶不上,5
2286,临时工,5
2287,馒头,5
2288,马云,5
2289,攫取,5
2290,爆发式,5
2291,小心,5
2292,体面地,5
2293,鸟事,5
2294,先顾,5
2295,尚有,5
2296,中年男人,5
2297,hhhhh,5
2298,保底,5
2299,实在论,5
2300,二字,5
2301,掩盖,5
2302,二百,5
2303,cs,5
2304,工钱,5
2305,有能,5
2306,有用吗,5
2307,手套,5
2308,白银,5
2309,人生,5
2310,看透,5
2311,更大,5
2312,所有权,5
2313,年纪,5
2314,稍大,5
2315,反着,5
2316,铁人三项,5
2317,韩国,5
2318,日本,5
2319,割掉,5
2320,会长,5
2321,压价,5
2322,每用,5
2323,多交,5
2324,太能,5
2325,说空话,5
2326,绩效评价,5
2327,呼吁,5
2328,绩效,5
2329,运行,5
2330,欺骗,5
2331,跟户,5
2332,一架,5
2333,火箭,5
2334,土星,5
2335,沙落,5
2336,午餐,5
2337,奉还,5
2338,王海柱,5
2339,法师,5
2340,对象,5
2341,闲人,5
2342,医院,5
2343,发善心,5
2344,小约翰,5
2345,看过,5
2346,全家,5
2347,油门,5
2348,行驶,5
2349,条路,5
2350,资本家,5
2351,失望,5
2352,太超前,4
2353,张嘴,4
2354,不配,4
2355,找到,4
2356,来块,4
2357,更鼓,4
2358,改善,4
2359,提前,4
2360,名声,4
2361,一度,4
2362,说个,4
2363,最贵,4
2364,单量,4
2365,规划,4
2366,妇女,4
2367,过度,4
2368,人口老龄化,4
2369,潜在,4
2370,扩张,4
2371,50%,4
2372,律师,4
2373,上层,4
2374,好过,4
2375,还好,4
2376,yyds,4
2377,惠及,4
2378,分钟,4
2379,拿来,4
2380,客观规律,4
2381,蒸汽,4
2382,四海,4
2383,无闲田,4
2384,高速,4
2385,运输,4
2386,念经,4
2387,高端,4
2388,缺点,4
2389,折叠,4
2390,不多,4
2391,主观,4
2392,活下去,4
2393,不知,4
2394,定价权,4
2395,这波,4
2396,追求,4
2397,成果,4
2398,吃饱,4
2399,智驾,4
2400,正片,4
2401,高管,4
2402,几千万,4
2403,三千,4
2404,创新,4
2405,没变,4
2406,开局,4
2407,春风,4
2408,变得,4
2409,廉价,4
2410,苦难,4
2411,大街,4
2412,最早,4
2413,太高,4
2414,小白鼠,4
2415,UBI,4
2416,配合,4
2417,满分,4
2418,想过,4
2419,术士,4
2420,干脆,4
2421,重视,4
2422,稳住,4
2423,征收,4
2424,比亚迪,4
2425,主播,4
2426,两百块,4
2427,不生,4
2428,出海,4
2429,手段,4
2430,车后,4
2431,良性,4
2432,个体户,4
2433,运营,4
2434,四五十岁,4
2435,搞个,4
2436,手中,4
2437,几万,4
2438,马克,4
2439,疑问,4
2440,妄想,4
2441,双休日,4
2442,魔鬼,4
2443,初心,4
2444,倒闭,4
2445,成功,4
2446,忘记,4
2447,损耗,4
2448,抢走了,4
2449,镜头,4
2450,好人,4
2451,概括,4
2452,目的地,4
2453,减税,4
2454,贷款,4
2455,hhh,4
2456,聚集,4
2457,Dai,4
2458,帽子,4
2459,够本,4
2460,别乱,4
2461,难闻,4
2462,小镇,4
2463,三大,4
2464,板块,4
2465,高中政治,4
2466,基本常识,4
2467,眼下,4
2468,标签,4
2469,有缝,4
2470,福报,4
2471,学校,4
2472,辉格,4
2473,造福人类,4
2474,节假日,4
2475,该贵,4
2476,假期,4
2477,通胀,4
2478,协同,4
2479,8ai,4
2480,不见,4
2481,共存,4
2482,电子书,4
2483,纸质,4
2484,面向,4
2485,严不,4
2486,严谨,4
2487,问过,4
2488,路程,4
2489,偏离,4
2490,贪便宜,4
2491,250,4
2492,辟谣,4
2493,越高,4
2494,难过,4
2495,主没,4
2496,能量守恒,4
2497,亏本,4
2498,庸俗化,4
2499,财政补贴,4
2500,比网,4
2501,元购,4
2502,合法,4
2503,上网,4
2504,学说,4
2505,提取,4
2506,皆大欢喜,4
2507,VI,4
2508,部门,4
2509,谈判,4
2510,筹码,4
2511,上下游,4
2512,产业园,4
2513,比开,4
2514,高精尖,4
2515,先问,4
2516,一向如此,4
2517,层次,4
2518,还太低,4
2519,放手去做,4
2520,怀念,4
2521,进程,4
2522,兰州,4
2523,四次,4
2524,打着,4
2525,车出,4
2526,不假,4
2527,假装,4
2528,高深,4
2529,效益,4
2530,半句,4
2531,未有,4
2532,大变局,4
2533,多尽,4
2534,这部分,4
2535,养老,4
2536,燃料费,4
2537,思危,4
2538,思退,4
2539,思变,4
2540,好容易,4
2541,流程,4
2542,过低,4
2543,做法,4
2544,暴论,4
2545,务必,4
2546,卖点,4
2547,青椒,4
2548,肉丝,4
2549,蛋炒饭,4
2550,店里,4
2551,能点,4
2552,何用,4
2553,各行各业,4
2554,宏彦,4
2555,问存,4
2556,有次,4
2557,碰到,4
2558,红绿灯,4
2559,两眼,4
2560,闭上,4
2561,打瞌睡,4
2562,硬核,4
2563,崩坏,4
2564,__,4
2565,绕远,4
2566,叫好,4
2567,声讨,4
2568,遥控车,4
2569,杭州,4
2570,弄个,4
2571,实时,4
2572,滴聊,4
2573,妨碍,4
2574,排除,4
2575,实体,4
2576,叫冤,4
2577,要收,4
2578,飙升,4
2579,拦招,4
2580,恢复正常,4
2581,道义,4
2582,弄点,4
2583,女友,4
2584,本性,4
2585,分公司,4
2586,地大物博,4
2587,公有,4
2588,转折点,4
2589,思想家,4
2590,我爸,4
2591,处于,4
2592,无解,4
2593,最优,4
2594,门店,4
2595,Pwoc,4
2596,醒悟,4
2597,硬收,4
2598,拼车,4
2599,太黑,4
2600,容器,4
2601,平均收入,4
2602,123,4
2603,三回,4
2604,做做,4
2605,燃油费,4
2606,友好,4
2607,受伤,4
2608,做过,4
2609,查查,4
2610,高考,4
2611,五五,4
2612,分流,4
2613,田地,4
2614,跟进,4
2615,专家,4
2616,车子,4
2617,打法,4
2618,收割,4
2619,顶替,4
2620,逗我,4
2621,鼓楼,4
2622,车能,4
2623,媒体,4
2624,头号,4
2625,名人,4
2626,举出,4
2627,外围,4
2628,吃喝,4
2629,不看,4
2630,站不住脚,4
2631,名声不好,4
2632,你别,4
2633,顾虑,4
2634,长辈,4
2635,公益,4
2636,想象,4
2637,抗日战争,4
2638,八国联军,4
2639,先辈,4
2640,工的,4
2641,大有人在,4
2642,所得者,4
2643,回流,4
2644,说胡话,4
2645,衣正单,4
2646,心忧炭,4
2647,贱愿,4
2648,天寒,4
2649,人富,4
2650,妥协,3
2651,红色,3
2652,大力推广,3
2653,拉满,3
2654,物质,3
2655,广义,3
2656,大头,3
2657,盖房,3
2658,尝试,3
2659,无关,3
2660,封建,3
2661,电脑,3
2662,定体,3
2663,民营,3
2664,资源分配,3
2665,3000,3
2666,远程,3
2667,23333,3
2668,为的是,3
2669,三四,3
2670,饥荒,3
2671,灵车,3
2672,血汗,3
2673,特色,3
2674,一说,3
2675,贫富,3
2676,主体,3
2677,多种,3
2678,没太大,3
2679,差别,3
2680,What,3
2681,没钱,3
2682,槽工,3
2683,领航员,3
2684,台车,3
2685,引入,3
2686,车会,3
2687,淘宝,3
2688,正好,3
2689,拿笔,3
2690,实惠,3
2691,车企,3
2692,天知道,3
2693,片段,3
2694,吸取教训,3
2695,der,3
2696,下班,3
2697,一辈子,3
2698,麻烦,3
2699,电网,3
2700,烟草,3
2701,民营企业,3
2702,一大堆,3
2703,无非,3
2704,低于,3
2705,局部,3
2706,客观,3
2707,体现,3
2708,个例,3
2709,下结论,3
2710,石头,3
2711,换取,3
2712,两块钱,3
2713,阿芙乐尔,3
2714,地图,3
2715,赞同,3
2716,如社,3
2717,大伙,3
2718,抵抗,3
2719,角度,3
2720,没什么,3
2721,游戏,3
2722,简称,3
2723,缺少,3
2724,少部分,3
2725,饲料,3
2726,刚出,3
2727,两次,3
2728,一口,3
2729,饱饭,3
2730,上下班,3
2731,看电视,3
2732,不疼,3
2733,口口声声,3
2734,理中客,3
2735,得治,3
2736,yang,3
2737,生育率,3
2738,抓紧,3
2739,玩过,3
2740,赛车,3
2741,信不信,3
2742,体感,3
2743,那关,3
2744,前列腺,3
2745,争斗,3
2746,不香,3
2747,利润率,3
2748,风险,3
2749,获取,3
2750,鼓励,3
2751,废除,3
2752,引导,3
2753,上路,3
2754,超前,3
2755,保守,3
2756,出发,3
2757,别生,3
2758,发给,3
2759,改成,3
2760,最难,3
2761,等待,3
2762,自愿,3
2763,片面,3
2764,举起,3
2765,放在,3
2766,兼并,3
2767,坏事,3
2768,优势,3
2769,在乎,3
2770,贫困,3
2771,工地,3
2772,遏制,3
2773,农夫,3
2774,吸烟,3
2775,地主,3
2776,说了算,3
2777,见血,3
2778,往后,3
2779,无产,3
2780,车辆,3
2781,客人,3
2782,自上而下,3
2783,自下而上,3
2784,更高,3
2785,多余,3
2786,新一代,3
2787,分出,3
2788,素不相识,3
2789,敏感,3
2790,给我发,3
2791,两百多,3
2792,车贷,3
2793,百分百,3
2794,刀子,3
2795,牛壁,3
2796,神经网络,3
2797,整体,3
2798,肆意,3
2799,REV,3
2800,涌入,3
2801,过饱和,3
2802,薄纱,3
2803,千家万户,3
2804,仅能,3
2805,辅助,3
2806,跟你急,3
2807,驿卒,3
2808,关掉,3
2809,一万倍,3
2810,主胆儿,3
2811,真大,3
2812,太敢,3
2813,人会,3
2814,越来,3
2815,会少,3
2816,部车,3
2817,租车,3
2818,商业保险,3
2819,一万多,3
2820,更换,3
2821,配件,3
2822,广厦,3
2823,大庇,3
2824,女孩,3
2825,欢颜,3
2826,比人开,3
2827,那能,3
2828,刘强,3
2829,外边,3
2830,奶茶,3
2831,装备,3
2832,后勤,3
2833,既有,3
2834,有盾,3
2835,歌舞团,3
2836,用语,3
2837,英语,3
2838,胜美,3
2839,中文,3
2840,天方夜谭,3
2841,过得,3
2842,亨利,3
2843,赞成,3
2844,入局,3
2845,再贵,3
2846,灯柱,3
2847,读的书,3
2848,id,3
2849,水军,3
2850,太晃,3
2851,m200,3
2852,扣掉,3
2853,杂七杂八,3
2854,上架,3
2855,没得选,3
2856,生太多,3
2857,长途,3
2858,铁路工人,3
2859,萌芽,3
2860,能改,3
2861,总共,3
2862,护理,3
2863,车送,3
2864,豁然开朗,3
2865,营销,3
2866,巨慢,3
2867,车轮,3
2868,未必,3
2869,普惠,3
2870,一骑,3
2871,绝尘,3
2872,分配不公,3
2873,后必,3
2874,抢占,3
2875,领袖,3
2876,超人,3
2877,反智,3
2878,刺激,3
2879,打马虎眼,3
2880,最差,3
2881,实力,3
2882,自由贸易,3
2883,假定,3
2884,工资待遇,3
2885,孟加拉,3
2886,点儿,3
2887,三班倒,3
2888,卡脖子,3
2889,主持公道,3
2890,响应,3
2891,力度,3
2892,过大,3
2893,还管,3
2894,几十亿,3
2895,龙头,3
2896,孙子,3
2897,几分钟,3
2898,早餐,3
2899,地种,3
2900,奢望,3
2901,学了,3
2902,高人,3
2903,单身,3
2904,人士,3
2905,残酷,3
2906,高级,3
2907,人造,3
2908,黄色,3
2909,法拉利,3
2910,这辈子,3
2911,两件事,3
2912,吃顿,3
2913,无人售票,3
2914,凭空,3
2915,参加,3
2916,习惯,3
2917,报销,3
2918,发票,3
2919,中途下车,3
2920,到达,3
2921,座位,3
2922,听说,3
2923,明明,3
2924,饭菜,3
2925,提倡,3
2926,种点,3
2927,镇痛,3
2928,听听,3
2929,马逆,3
2930,涨回去,3
2931,前车之鉴,3
2932,全拉去,3
2933,第三次,3
2934,实话实说,3
2935,J80,3
2936,赶上,3
2937,见怪不怪,3
2938,我接,3
2939,尚处,3
2940,十万大山,3
2941,结单,3
2942,公交线路,3
2943,自产自销,3
2944,自给自足,3
2945,商场,3
2946,创造性,3
2947,拥有,3
2948,着实,3
2949,大连,3
2950,一是,3
2951,从大,3
2952,难大,3
2953,比画,3
2954,手多,3
2955,声音,3
2956,造就,3
2957,年头,3
2958,韶山,3
2959,一坐,3
2960,某为,3
2961,运营商,3
2962,他家,3
2963,这项,3
2964,高不低,3
2965,不相干,3
2966,我管,3
2967,身边,3
2968,家底,3
2969,710,3
2970,楼房,3
2971,想用,3
2972,合情合理,3
2973,鸭子,3
2974,高低贵贱,3
2975,黄金时代,3
2976,这车,3
2977,占据,3
2978,就会,3
2979,变贵,3
2980,补课,3
2981,尽头,3
2982,上开,3
2983,周期性,3
2984,ga,3
2985,企字,3
2986,人字,3
2987,剩止,3
2988,大势,3
2989,浩浩荡荡,3
2990,模拟器,3
2991,兜底,3
2992,clavi,3
2993,一千多万,3
2994,会大,3
2995,受益者,3
2996,升级换代,3
2997,5up,3
2998,作何,3
2999,感想,3
3000,拖欠,3
3001,先说,3
3002,请说出,3
3003,每人,3
3004,真成了,3
3005,抬杠,3
3006,艺术家,3
3007,却会,3
3008,不平,3
3009,時間,3
3010,用得着,3
3011,租金,3
3012,发泄,3
3013,受害者,3
3014,维修保养,3
3015,之上,3
3016,多弄点,3
3017,王道,3
3018,讲清,3
3019,赔死,3
3020,贸易,3
3021,全球化,3
3022,累死累活,3
3023,再涨,3
3024,不争气,3
3025,一看,3
3026,真香,3
3027,消费力,3
3028,赛博人,3
3029,命运,3
3030,想象力,3
3031,看一看,3
3032,好意思,3
3033,骗补,3
3034,泪水,3
3035,标准,2
3036,技术落后,2
3037,分享,2
3038,资格,2
3039,版本,2
3040,主导,2
3041,苹果,2
3042,不玩,2
3043,三体,2
3044,降临,2
3045,降薪,2
3046,该不该,2
3047,黄老爷,2
3048,很严,2
3049,首创,2
3050,你好,2
3051,驾驶员,2
3052,徐涛,2
3053,教会,2
3054,囚笼,2
3055,脑子里,2
3056,东大,2
3057,计算,2
3058,集体所有制,2
3059,问问,2
3060,在意,2
3061,细说,2
3062,分化,2
3063,用品商店,2
3064,打个,2
3065,三成,2
3066,取消,2
3067,困难,2
3068,猛男,2
3069,手工,2
3070,医生,2
3071,商超,2
3072,餐饮,2
3073,德国,2
3074,cai,2
3075,头晕,2
3076,最新,2
3077,物流,2
3078,上市,2
3079,起车,2
3080,消耗,2
3081,不对劲,2
3082,深刻,2
3083,下架,2
3084,冲击,2
3085,足够,2
3086,出力,2
3087,庞大,2
3088,全世界,2
3089,非蠢,2
3090,空间,2
3091,压迫,2
3092,只吐槽,2
3093,汗流浃背,2
3094,在座,2
3095,圈地,2
3096,用词,2
3097,跳海,2
3098,大佬,2
3099,七成,2
3100,面对,2
3101,动脑,2
3102,多快,2
3103,论证,2
3104,二次,2
3105,调节,2
3106,特惠,2
3107,得不到,2
3108,评价,2
3109,只不过,2
3110,玩法,2
3111,损害,2
3112,差价,2
3113,放开,2
3114,爱尔兰,2
3115,上调,2
3116,带头,2
3117,圣人,2
3118,做点,2
3119,byd,2
3120,介入,2
3121,交通秩序,2
3122,小城,2
3123,会晕,2
3124,剩余时间,2
3125,试验,2
3126,G29,2
3127,大城市,2
3128,受惠,2
3129,市面上,2
3130,百分之八十,2
3131,硬件,2
3132,伟达,2
3133,Orin,2
3134,潮流,2
3135,东北大学,2
3136,越累,2
3137,友持,2
3138,争夺,2
3139,救世主,2
3140,应是,2
3141,二十,2
3142,三十岁,2
3143,受过,2
3144,情商,2
3145,专心,2
3146,拯救,2
3147,文件,2
3148,错字,2
3149,语句,2
3150,通顺,2
3151,活人,2
3152,卖炭翁,2
3153,鞋大,2
3154,滚出去,2
3155,多养,2
3156,五十步笑百步,2
3157,豪车,2
3158,游艇,2
3159,别墅,2
3160,总金额,2
3161,涨薪,2
3162,好听,2
3163,这帮,2
3164,发工资,2
3165,够养,2
3166,男人,2
3167,女司机,2
3168,清爽,2
3169,懂咯,2
3170,宁王,2
3171,0.5%,2
3172,三五万,2
3173,深度,2
3174,风靡,2
3175,不了了之,2
3176,遗产税,2
3177,移民,2
3178,多刷,2
3179,口罩,2
3180,人才辈出,2
3181,屏幕,2
3182,局限,2
3183,受益人,2
3184,天网,2
3185,我亡,2
3186,天平,2
3187,倾斜,2
3188,原始,2
3189,掠夺,2
3190,开拓,2
3191,星辰,2
3192,大海,2
3193,没配,2
3194,变脸,2
3195,光顾,2
3196,很强,2
3197,战犯,2
3198,一步步,2
3199,服务行业,2
3200,厨师,2
3201,理发师,2
3202,犬儒主义,2
3203,宝有,2
3204,图文,2
3205,烟臭味,2
3206,窒息,2
3207,地主阶级,2
3208,而战,2
3209,简洁,2
3210,表述,2
3211,作恶,2
3212,失败,2
3213,国人,2
3214,一醒,2
3215,房价,2
3216,骆驼,2
3217,前人,2
3218,推荐,2
3219,回扣,2
3220,饭店,2
3221,去处,2
3222,西吹们,2
3223,读书无用,2
3224,满大街,2
3225,焊接,2
3226,人手,2
3227,刺绣,2
3228,水泥,2
3229,钢筋,2
3230,爹供,2
3231,赢者,2
3232,通吃,2
3233,乱收费,2
3234,原意,2
3235,几十万,2
3236,造假,2
3237,大米,2
3238,两样,2
3239,不计成本,2
3240,地使,2
3241,有利有弊,2
3242,这要,2
3243,折腾,2
3244,招进去,2
3245,七块,2
3246,十块,2
3247,算少,2
3248,彩虹,2
3249,儒家文化,2
3250,三驾,2
3251,自我牺牲,2
3252,我覺,2
3253,我們,2
3254,归根,2
3255,摆在,2
3256,再家,2
3257,有大,2
3258,对抗,2
3259,该点,2
3260,赞点,2
3261,纵观,2
3262,唯生产力,2
3263,唯武,2
3264,演变,2
3265,解决之道,2
3266,剩余,2
3267,很棒,2
3268,毒打,2
3269,通勤,2
3270,各项,2
3271,杂费,2
3272,主们,2
3273,无益,2
3274,听点,2
3275,生产方式,2
3276,禁入,2
3277,骑个,2
3278,电瓶车,2
3279,令人,2
3280,汗颜,2
3281,过河,2
3282,挑客,2
3283,难评,2
3284,奋斗,2
3285,目标,2
3286,科研人员,2
3287,设施,2
3288,三分之一,2
3289,跟分,2
3290,tm,2
3291,一分一毫,2
3292,求求,2
3293,直接税,2
3294,个人财产,2
3295,一律,2
3296,拥有权,2
3297,使用权,2
3298,过期,2
3299,私心,2
3300,名画,2
3301,老牌,2
3302,作用,2
3303,劳动量,2
3304,这点儿,2
3305,珍贵,2
3306,再用,2
3307,多好,2
3308,典型,2
3309,....,2
3310,运输车,2
3311,国情,2
3312,狭窄,2
3313,奶奶,2
3314,生来,2
3315,连口,2
3316,三次,2
3317,在理,2
3318,骄傲,2
3319,渴望,2
3320,肉食者鄙,2
3321,未能,2
3322,远谋,2
3323,看笑话,2
3324,使用者,2
3325,玄关,2
3326,故事,2
3327,约等于,2
3328,毫无意义,2
3329,这代人,2
3330,比得上,2
3331,焦虑,2
3332,或者说,2
3333,中华民族,2
3334,复兴,2
3335,这特,2
3336,没饿,2
3337,马太效应,2
3338,均衡,2
3339,菲兹尔邦,2
3340,外地人,2
3341,凝成,2
3342,中国大学,2
3343,马院,2
3344,小哥,2
3345,2.4,2
3346,管理,2
3347,人应,2
3348,基尼系数,2
3349,劳动报酬,2
3350,系数,2
3351,升值,2
3352,人工工资,2
3353,但分,2
3354,卵事,2
3355,提上去,2
3356,不涨,2
3357,发得,2
3358,五分钟,2
3359,黄瓜,2
3360,给钱,2
3361,硬通货,2
3362,换来,2
3363,亮点,2
3364,会考,2
3365,滑向,2
3366,深渊,2
3367,悲哀,2
3368,打打,2
3369,安稳,2
3370,实时性,2
3371,安全性,2
3372,观察,2
3373,吉利,2
3374,肤浅,2
3375,条文,2
3376,人装,2
3377,日益增长,2
3378,美好生活,2
3379,推断,2
3380,有换,2
3381,崭新,2
3382,人与自然,2
3383,刘慈欣,2
3384,太空,2
3385,航海,2
3386,往里,2
3387,经济周期,2
3388,我悟,2
3389,大力支持,2
3390,血泪,2
3391,不幸,2
3392,开端,2
3393,看不懂,2
3394,理解能力,2
3395,越差,2
3396,总有一天,2
3397,抢夺,2
3398,矿山,2
3399,矿工,2
3400,挖矿,2
3401,请以,2
3402,挣得,2
3403,白匪,2
3404,上过,2
3405,一想,2
3406,现今,2
3407,国资,2
3408,帮忙,2
3409,打碎,2
3410,解说,2
3411,不易,2
3412,能源,2
3413,学期,2
3414,刚学,2
3415,原神,2
3416,去学,2
3417,再学,2
3418,这行,2
3419,集体企业,2
3420,中来,2
3421,付出代价,2
3422,受罪,2
3423,屁话,2
3424,怎加,2
3425,加以控制,2
3426,会令,2
3427,六级,2
3428,秦始皇,2
3429,进到,2
3430,铁人,2
3431,信息,2
3432,欺诈,2
3433,爱玩,2
3434,油商,2
3435,收购,2
3436,火车站,2
3437,接远单,2
3438,却是,2
3439,一类,2
3440,行当,2
3441,APP,2
3442,绕道,2
3443,学成归来,2
3444,problemm,2
3445,合伙,2
3446,高精,2
3447,具备,2
3448,普适性,2
3449,击落,2
3450,he111,2
3451,社恐,2
3452,英雄所见略同,2
3453,臭车,2
3454,真话,2
3455,无效,2
3456,坑过,2
3457,恩格斯,2
3458,直播间,2
3459,申诉,2
3460,只谈,2
3461,不谈,2
3462,大一统,2
3463,感恩,2
3464,open,2
3465,不共情,2
3466,调不出,2
3467,顿挫,2
3468,吃不上,2
3469,油罐车,2
3470,新闻学,2
3471,减速,2
3472,我操,2
3473,出门,2
3474,全用,2
3475,不远,2
3476,外太空,2
3477,能活,2
3478,抓住,2
3479,看不起,2
3480,赖赖,2
3481,推给,2
3482,搁着,2
3483,rev,2
3484,批人,2
3485,很爽,2
3486,并存,2
3487,这一单,2
3488,下一单,2
3489,方法论,2
3490,想不到,2
3491,非正常,2
3492,市场秩序,2
3493,榨取,2
3494,单个,2
3495,关系不大,2
3496,初才,2
3497,舉五肢,2
3498,J35,2
3499,统治,2
3500,支配,2
3501,斩杀,2
3502,要加,2
3503,早加,2
3504,丢失,2
3505,微利,2
3506,威力,2
3507,街道办,2
3508,介绍,2
3509,干活儿,2
3510,无可避免,2
3511,菜园,2
3512,宠物,2
3513,成行,2
3514,成市,2
3515,减员增效,2
3516,150,2
3517,倒退,2
3518,老子,2
3519,win,2
3520,不关我事,2
3521,中考,2
3522,曹德旺,2
3523,比萨斜塔,2
3524,怨气,2
3525,开发技术,2
3526,创作,2
3527,上头,2
3528,愿不愿意,2
3529,没人敢,2
3530,提了,2
3531,讲讲,2
3532,商店,2
3533,平分,2
3534,来付,2
3535,中小企业,2
3536,赋能,2
3537,消除,2
3538,直接了当,2
3539,心若,2
3540,从头再来,2
3541,懂车,2
3542,驾驭,2
3543,军团,2
3544,恶魔,2
3545,節奏,2
3546,起來,2
3547,不朽,2
3548,價格降,2
3549,看清楚,2
3550,提他,2
3551,狂妄,2
3552,佩服,2
3553,推到,2
3554,重来,2
3555,扫码,2
3556,算了,2
3557,贫穷,2
3558,农村土地,2
3559,集中化,2
3560,预知,2
3561,0.5,2
3562,9.5,2
3563,美国公司,2
3564,牟去,2
3565,市场需求,2
3566,急刹,2
3567,缓和,2
3568,几星,2
3569,几波,2
3570,运转,2
3571,加在一起,2
3572,最少,2
3573,四个,2
3574,经济基础,2
3575,体量,2
3576,原有,2
3577,连根拔起,2
3578,虚拟,2
3579,25%,2
3580,破坏者,2
3581,几百,2
3582,减退,2
3583,太难受,2
3584,普遍存在,2
3585,前缀,2
3586,一百多名,2
3587,辛勤,2
3588,劳作,2
3589,超越,2
3590,服务器,2
3591,魔幻,2
3592,难改,2
3593,博主,2
3594,点题,2
3595,黄四郎,2
3596,强度,2
3597,口号,2
3598,胡言乱语,2
3599,二手,2
3600,打磨,2
3601,啥意思,2
3602,送到,2
3603,缺口,2
3604,何不,2
3605,肉糜,2
3606,220,2
3607,打开,2
3608,供大于求,2
3609,卡车,2
3610,掏钱,2
3611,步入,2
3612,晚上,2
3613,取之于民,2
3614,用之于民,2
3615,体会,2
3616,一伙,2
3617,不争,2
3618,猜猜,2
3619,初中,2
3620,就学,2
3621,慈善,2
3622,体面,2
3623,一阵,2
3624,占有,2
3625,原本,2
3626,十五公里,2
3627,配搁,2
3628,别过,2
3629,神速,2
3630,难以,2
3631,包含,2
3632,磨损,2
3633,国有企业,2
3634,卷入,2
3635,bAI,2
3636,可有,2
3637,以此,2
3638,给养,2
3639,服务水平,2
3640,寻求,2
3641,步伐,2
3642,成本价,2
3643,不克,2
3644,连车,2
3645,折旧费,2
3646,机械化,2
3647,增产,2
3648,无人化,2
3649,高效,2
3650,间接,2
3651,这事明,2
3652,面上,2
3653,表达出来,2
3654,效果,2
3655,nb,2
3656,大面积,2
3657,简答题,2
3658,外设,2
3659,内资,2
3660,A3d,2
3661,打印,2
3662,师父,2
3663,8e,2
3664,身体素质,2
3665,变差,2
3666,量产,2
3667,探索,2
3668,非会员,2
3669,快车道,2
3670,温度,2
3671,马加爵,2
3672,从技术上,2
3673,文科生,2
3674,低收入,2
3675,车卷,2
3676,特纳雄,2
3677,耐尔,2
3678,要来,2
3679,另类,2
3680,供需,2
3681,好歹,2
3682,公司员工,2
3683,上大分,2
3684,高绩效,2
3685,长久,2
3686,干碎,2
3687,抚养,2
3688,欢喜,2
3689,不太好,2
3690,车程,2
3691,一两块,2
3692,个资,2
3693,不负责任,2
3694,水得,2
3695,名义,2
3696,至极,2
3697,有理有据,2
3698,二别,2
3699,快切,2
3700,用到,2
3701,知易行难,2
3702,PPT,2
3703,一视同仁,2
3704,社会群体,2
3705,人力车,2
3706,更多人,2
3707,通知,2
3708,市占率,2
3709,完甲,2
3710,越高越,2
3711,闲置,2
3712,调去,2
3713,优胜劣汰,2
3714,自然法则,2
3715,美术,2
3716,十几年,2
3717,几天,2
3718,几秒钟,2
3719,人工费,2
3720,不买,2
3721,低成本,2
3722,拉上,2
3723,行不行,2
3724,让出,2
3725,利息,2
3726,顶端,2
3727,慢有,2
3728,内存,2
3729,症结,2
3730,矛盾激化,2
3731,必经之路,2
3732,难不成,2
3733,先去,2
3734,会儿,2
3735,被迫,2
3736,右上角,2
3737,去过,2
3738,成型,2
3739,大白天,2
3740,果断,2
3741,真知灼见,2
3742,想学,2
3743,价格优势,2
3744,流向,2
3745,别仅,2
3746,局限于,2
3747,关键问题,2
3748,原则上,2
3749,第一天,2
3750,光说,2
3751,纺织品,2
3752,质变,2
3753,会不升,2
3754,可想,2
3755,革新,2
3756,换成,2
3757,升上来,2
3758,真莽,2
3759,性骚扰,2
3760,这类,2
3761,济南,2
3762,个个,2
3763,这水,2
3764,公务用车,2
3765,绕过,2
3766,不以,2
3767,性质,2
3768,顺丰,2
3769,累不死,2
3770,太小,2
3771,记忆力,2
3772,最是,2
3773,Zzzq,2
3774,值得,2
3775,威武,2
3776,这共情,2
3777,明白人,2
3778,高昂,2
3779,服务费,2
3780,放到,2
3781,巨晕,2
3782,生日蛋糕,2
3783,太是,2
3784,同等,2
3785,上五险,2
3786,一金,2
3787,人求,2
3788,不来,2
3789,衣食住行,2
3790,中行,2
3791,下不来,2
3792,给出,2
3793,越少,2
3794,tp,2
3795,只涨,2
3796,永久,2
3797,空话,2
3798,切实可行,2
3799,却油,2
3800,二遍,2
3801,句子,2
3802,cpu,2
3803,1450,2
3804,冲锋,2
3805,招笑,2
3806,多半,2
3807,连国,2
3808,出过,2
3809,听风,2
3810,那群人,2
3811,随之而来,2
3812,分拣机,2
3813,人留,2
3814,子弹,2
3815,眉心,2
3816,原创,2
3817,拿下,2
3818,哪次,2
3819,干死,2
3820,作文,2
3821,响指,2
3822,原始人,2
3823,清朝,2
3824,先压,2
3825,存量,2
3826,价了,2
3827,很长,2
3828,上涨,2
3829,加快,2
3830,开稳点,2
3831,出站,2
3832,梦话,2
3833,该用,2
3834,形容词,2
3835,赞美,2
3836,占小头,2
3837,理想主义者,2
3838,正确对待,2
3839,加盟,2
3840,人越,2
3841,总体,2
3842,流动性,2
3843,黑色,2
3844,星期五,2
3845,这笔,2
3846,必然趋势,2
3847,县城,2
3848,二十年,2
3849,洪湖,2
3850,市场调节,2
3851,文科,2
3852,谁学,2
3853,干净,2
3854,在职人员,2
3855,上租,2
3856,安乐死,2
3857,开幕,2
3858,不见得,2
3859,到哪去,2
3860,文学,2
3861,车厢,2
3862,打掌,2
3863,遥控,2
3864,bug,2
3865,这倒,2
3866,挽救,2
3867,海外,2
3868,我大,2
3869,人花,2
3870,一方,2
3871,人口减少,2
3872,有助于,2
3873,Final,2
3874,Fantasy,2
3875,立法,2
3876,激发,2
3877,养老金,2
3878,别尬,2
3879,大学老师,2
3880,好事不出门,2
3881,千里,2
3882,满车,2
3883,这题,2
3884,头部,2
3885,梦境,2
3886,下个,2
3887,7500,2
3888,Uber,2
3889,脾气,2
3890,先入为主,2
3891,同志,2
3892,OAI,2
3893,更富,2
3894,更穷,2
3895,违背,2
3896,带动,2
3897,更多,2
3898,鬼故事,2
3899,买房,2
3900,无羡内,2
3901,开个,2
3902,冲个,2
3903,VIP,2
3904,SVIP,2
3905,233,2
3906,差评,2
3907,防闭,2
3908,太有,2
3909,bp,2
3910,那少生,2
3911,生啥,2
3912,创建,2
3913,学院,2
3914,阻止不了,2
3915,专车,2
3916,要账,1
3917,引擎,1
3918,大脑,1
3919,同步,1
3920,叠加,1
3921,耳朵,1
3922,破产,1
3923,原来如此,1
3924,有句,1
3925,事儿,1
3926,无形,1
3927,有所作为,1
3928,押金,1
3929,回到,1
3930,以工代赈,1
3931,炒股,1
3932,禁摩,1
3933,一头,1
3934,逼近,1
3935,保障制度,1
3936,背书,1
3937,多分,1
3938,精神,1
3939,层面,1
3940,交规来,1
3941,晚睡,1
3942,跳车,1
3943,表示同意,1
3944,累积,1
3945,失控,1
3946,优秀,1
3947,乐意,1
3948,全拿,1
3949,至上,1
3950,真高,1
3951,累死,1
3952,夏天,1
3953,吃亏,1
3954,应急,1
3955,铁拳,1
3956,迈向,1
3957,点明,1
3958,发问,1
3959,同一个,1
3960,成就,1
3961,远高于,1
3962,40%,1
3963,守点,1
3964,规矩,1
3965,爆杀,1
3966,不劳而获,1
3967,人一,1
3968,花不完,1
3969,天然淘汰,1
3970,组装,1
3971,讲个,1
3972,不事,1
3973,劳动成果,1
3974,防看,1
3975,非国有经济,1
3976,千了,1
3977,5AI,1
3978,不扫码,1
3979,挑动,1
3980,大众呢,1
3981,文件夹,1
3982,先锋队,1
3983,恶化,1
3984,稀奇,1
3985,熟人,1
3986,一等一,1
3987,一名,1
3988,凯恩斯,1
3989,country,1
3990,真受不了,1
3991,准入,1
3992,Cyberpunk,1
3993,赏鲜,1
3994,Problem,1
3995,龙生龙,1
3996,凤生凤,1
3997,老鼠,1
3998,儿子,1
3999,人员伤亡,1
4000,优先,1
4001,风吹雨打,1
4002,风餐露宿,1
4003,玩玩,1
4004,冷战,1
4005,zzzq,1
4006,保守主义,1
4007,活不了,1
4008,太久,1
4009,崇高,1
4010,正中要害,1
4011,远远,1
4012,远超,1
4013,国营,1
4014,vai,1
4015,利好,1
4016,用人,1
4017,老有,1
4018,同为,1
4019,求职者,1
4020,办公,1
4021,太假,1
4022,小丁,1
4023,现成,1
4024,回复,1
4025,世界观,1
4026,明确规定,1
4027,支持者,1
4028,当代,1
4029,缩影,1
4030,BYD,1
4031,好喝,1
4032,pid,1
4033,招募,1
4034,控车,1
4035,思维,1
4036,会番,1
4037,强制力,1
4038,达成,1
4039,慎言,1
4040,他会,1
4041,港式,1
4042,阿根,1
4043,一颗,1
4044,明月,1
4045,孤悬,1
4046,僵硬,1
4047,宗教,1
4048,教条化,1
4049,不太可能,1
4050,在实践中,1
4051,一百五十年,1
4052,一件,1
4053,第一节,1
4054,政治课,1
4055,内容,1
4056,车客,1
4057,流落,1
4058,荒山,1
4059,野外,1
4060,整解,1
4061,创了,1
4062,四川,1
4063,德阳,1
4064,泸州,1
4065,真差,1
4066,懂得,1
4067,花掉,1
4068,淮海路,1
4069,大圣,1
4070,阳老,1
4071,BGM,1
4072,科级,1
4073,干部,1
4074,抠字眼,1
4075,rz,1
4076,小聪明,1
4077,东方,1
4078,远古,1
4079,明末,1
4080,辛辛苦苦,1
4081,得种,1
4082,大丰收,1
4083,很小,1
4084,稀缺,1
4085,是民,1
4086,商用,1
4087,最先,1
4088,政客,1
4089,行政效率,1
4090,枷锁,1
4091,绘制,1
4092,航线,1
4093,老多,1
4094,连路,1
4095,基础知识,1
4096,声口,1
4097,自知之明,1
4098,月饼,1
4099,忘本,1
4100,最低,1
4101,投资人,1
4102,缴纳,1
4103,用以,1
4104,转业,1
4105,木木标,1
4106,某种,1
4107,分钱,1
4108,四五,1
4109,渗透率,1
4110,生嘛,1
4111,4g,1
4112,5g,1
4113,那点,1
4114,反到,1
4115,门口,1
4116,一段时间,1
4117,人苦,1
4118,近路,1
4119,景区,1
4120,市区,1
4121,回不来,1
4122,增量,1
4123,凯恩斯主义,1
4124,人润,1
4125,区域,1
4126,苍白无力,1
4127,设法,1
4128,供应,1
4129,端太少,1
4130,输出,1
4131,人口数量,1
4132,成反比,1
4133,日益严重,1
4134,右下角,1
4135,各种各样,1
4136,私营企业,1
4137,全家老小,1
4138,无关紧要,1
4139,赚黑心钱,1
4140,墨子,1
4141,变动,1
4142,管着,1
4143,好几,1
4144,病患,1
4145,人先,1
4146,涉嫌,1
4147,泥头,1
4148,VUP,1
4149,主开,1
4150,人想,1
4151,快干,1
4152,怜悯,1
4153,客户,1
4154,55555555,1
4155,拿大头,1
4156,.....,1
4157,舰队,1
4158,不劳,1
4159,宇宙,1
4160,铁律,1
4161,机械唯物,1
4162,老章,1
4163,用血,1
4164,后世,1
4165,开创,1
4166,全靠,1
4167,威慑力,1
4168,唯利,1
4169,织布机,1
4170,真比,1
4171,步子,1
4172,熟练,1
4173,十倍,1
4174,都行,1
4175,打仗,1
4176,不掉,1
4177,饱汉不知饿汉饥,1
4178,一伙人,1
4179,户口,1
4180,任重而道远,1
4181,一味,1
4182,漂亮话,1
4183,白费,1
4184,无可辩驳,1
4185,点到为止,1
4186,弄混,1
4187,好极了,1
4188,词语,1
4189,挺火,1
4190,叫宜,1
4191,不宜,1
4192,fp,1
4193,感同,1
4194,深受,1
4195,煤太多,1
4196,煤矿工人,1
4197,下放,1
4198,通畅,1
4199,看重,1
4200,更慢,1
4201,日德,1
4202,帮凶,1
4203,看笑,1
4204,世界领先,1
4205,xxx,1
4206,合体,1
4207,继承,1
4208,椰汁,1
4209,蒸馍,1
4210,浇少,1
4211,沉江,1
4212,白说,1
4213,不用说,1
4214,反馈,1
4215,场下,1
4216,HOW,1
4217,自动档,1
4218,发挥作用,1
4219,打得,1
4220,二八,1
4221,回事,1
4222,缩减,1
4223,即可,1
4224,朝赛,1
4225,生产线,1
4226,明显降低,1
4227,Go,1
4228,run,1
4229,二三,1
4230,四线,1
4231,所图,1
4232,甚大,1
4233,主线,1
4234,单位,1
4235,必要劳动,1
4236,产量,1
4237,外人,1
4238,厂长,1
4239,responsible,1
4240,天然,1
4241,下场,1
4242,遍身,1
4243,罗绮,1
4244,养蚕,1
4245,白旗,1
4246,做出,1
4247,老佛爷,1
4248,太晕,1
4249,最强,1
4250,鞍钢,1
4251,xf,1
4252,开干,1
4253,大巴,1
4254,钟头,1
4255,警戒,1
4256,起航,1
4257,smkamkmkdstyt,1
4258,越来越少,1
4259,点将,1
4260,完事,1
4261,就业人口,1
4262,报复,1
4263,坏脾气,1
4264,晕死,1
4265,拍手,1
4266,席卷,1
4267,不死,1
4268,迟早会,1
4269,迎来,1
4270,临界点,1
4271,车过,1
4272,马赛克,1
4273,路易十六,1
4274,嘴里,1
4275,分肉,1
4276,真能,1
4277,狠下,1
4278,心做,1
4279,逆着,1
4280,洪流,1
4281,当家做主,1
4282,流浪,1
4283,诚不欺,1
4284,存款,1
4285,闷得慌,1
4286,L3,1
4287,制高点,1
4288,英雄,1
4289,应聘,1
4290,新增,1
4291,多去,1
4292,一线,1
4293,行人,1
4294,拥堵,1
4295,边上,1
4296,偷笑,1
4297,命脉,1
4298,前瞻性,1
4299,emmm,1
4300,一点一点,1
4301,v3,1
4302,再别,1
4303,一战,1
4304,灵活,1
4305,银翼,1
4306,杀手,1
4307,总会,1
4308,站上,1
4309,知本家,1
4310,开脱,1
4311,借口,1
4312,三年,1
4313,换掉,1
4314,维修,1
4315,坐在,1
4316,跟前,1
4317,报表,1
4318,最起码,1
4319,相结合,1
4320,禁言,1
4321,光明,1
4322,眼前,1
4323,woc,1
4324,友善,1
4325,I1,1
4326,动态分配,1
4327,个车,1
4328,胡说,1
4329,matter,1
4330,奔波,1
4331,杀人,1
4332,发力,1
4333,载体,1
4334,capitalism,1
4335,不能自己,1
4336,点到,1
4337,换人,1
4338,转为,1
4339,高薪,1
4340,奇迹,1
4341,玩具,1
4342,天真,1
4343,水蒸气,1
4344,热量,1
4345,随人,1
4346,一个天,1
4347,提问,1
4348,不卷,1
4349,预见,1
4350,1929,1
4351,重演,1
4352,现代战争,1
4353,天台,1
4354,死亡,1
4355,勇气,1
4356,上腹,1
4357,垄断行业,1
4358,前兆,1
4359,农场,1
4360,多得,1
4361,倒掉,1
4362,忍饥挨饿,1
4363,白军,1
4364,不可抗力,1
4365,剪切,1
4366,创造力,1
4367,无脑,1
4368,能量,1
4369,出入,1
4370,deserved,1
4371,渠道,1
4372,甩下,1
4373,大户,1
4374,赢家,1
4375,千差万别,1
4376,二者,1
4377,真的假,1
4378,关键在于,1
4379,歌会,1
4380,雕图,1
4381,人进,1
4382,规模化,1
4383,来源,1
4384,吐出来,1
4385,正方,1
4386,各个领域,1
4387,反方,1
4388,苍生,1
4389,裹挟,1
4390,大义,1
4391,提现,1
4392,呕吐,1
4393,全要,1
4394,根本原因,1
4395,阶级分化,1
4396,改良,1
4397,引发,1
4398,没少,1
4399,死人,1
4400,有生之年,1
4401,一场,1
4402,更强,1
4403,科普,1
4404,周期,1
4405,未圣,1
4406,就业率,1
4407,差是,1
4408,多方面,1
4409,不单单是,1
4410,网民,1
4411,道路交通,1
4412,会散,1
4413,货币,1
4414,零元,1
4415,购吧,1
4416,过学,1
4417,初代,1
4418,维斯,1
4419,打问号,1
4420,难题,1
4421,先来,1
4422,记住,1
4423,一分钱,1
4424,独占,1
4425,超产,1
4426,收入水平,1
4427,直击,1
4428,要害,1
4429,能省,1
4430,颜色,1
4431,罗斯福,1
4432,高精度,1
4433,视觉,1
4434,毛钱,1
4435,开天辟地,1
4436,别串,1
4437,裁员,1
4438,英国人,1
4439,自动播放,1
4440,语音,1
4441,漂亮女孩,1
4442,买量,1
4443,祸根,1
4444,你家,1
4445,不养,1
4446,懒汉,1
4447,技工,1
4448,论坛,1
4449,眼高手低,1
4450,恼火,1
4451,更差,1
4452,食禄,1
4453,与民争利,1
4454,无力,1
4455,存档,1
4456,中介,1
4457,表达,1
4458,机没,1
4459,感激,1
4460,带英,1
4461,大缺,1
4462,大德,1
4463,因果关系,1
4464,去匹诺,1
4465,康尼找,1
4466,星期日,1
4467,申请,1
4468,七休,1
4469,日产,1
4470,欧卡,1
4471,狂喜,1
4472,指放,1
4473,先进性,1
4474,最终幻想,1
4475,没戏,1
4476,无差别,1
4477,吵得,1
4478,重复劳动,1
4479,战锤巢,1
4480,原型,1
4481,西进,1
4482,注意力,1
4483,字幕,1
4484,额度,1
4485,下限,1
4486,独立,1
4487,诱因,1
4488,重生,1
4489,破浦厂,1
4490,焊工,1
4491,一员,1
4492,线性,1
4493,下层,1
4494,仔细,1
4495,查一查,1
4496,电焊工,1
4497,1148,1
4498,引客,1
4499,涨起来,1
4500,轨迹,1
4501,欧美人,1
4502,命贵,1
4503,设定,1
4504,打破,1
4505,宣扬,1
4506,艰苦奋斗,1
4507,经验,1
4508,5000,1
4509,傻子,1
4510,大力发展,1
4511,精力,1
4512,闭环,1
4513,我超,1
4514,受损,1
4515,劳动法,1
4516,再能,1
4517,三顿,1
4518,肌体,1
4519,越发,1
4520,生机,1
4521,时长,1
4522,欠款,1
4523,保证价格,1
4524,低下去,1
4525,畸形,1
4526,good,1
4527,三联,1
4528,够呛,1
4529,容易接受,1
4530,军备竞赛,1
4531,话术,1
4532,世界末日,1
4533,没到,1
4534,学学,1
4535,剩余劳动,1
4536,少玩点,1
4537,万恶之源,1
4538,稍微,1
4539,操控,1
4540,小学生,1
4541,老家,1
4542,南充,1
4543,第二点,1
4544,判断,1
4545,路况,1
4546,过分,1
4547,浪费时间,1
4548,满怀希望,1
4549,浇出,1
4550,上岸,1
4551,意中人,1
4552,公民,1
4553,伯里克,1
4554,高多,1
4555,催着,1
4556,考驾照,1
4557,极品飞车,1
4558,成新,1
4559,致敬,1
4560,传奇,1
4561,怡宝,1
4562,代言人,1
4563,界及,1
4564,我取,1
4565,住房,1
4566,十多个,1
4567,不准,1
4568,别急,1
4569,瞎说,1
4570,分配权,1
4571,轻巧,1
4572,太阳,1
4573,底下,1
4574,新鲜事,1
4575,定点,1
4576,近期,1
4577,两种,1
4578,人群,1
4579,后备军,1
4580,社会底层,1
4581,降级,1
4582,大雨天,1
4583,那天,1
4584,过剩人口,1
4585,特长,1
4586,屈辱,1
4587,开放,1
4588,农场主,1
4589,牛羊,1
4590,加点,1
4591,别太,1
4592,好高骛远,1
4593,吃饭问题,1
4594,新兴产业,1
4595,精神食粮,1
4596,约定,1
4597,电视剧,1
4598,以本,1
4599,伤人,1
4600,人文精神,1
4601,建模,1
4602,编剧,1
4603,北方,1
4604,无线,1
4605,河里,1
4606,牛皮,1
4607,脑力,1
4608,四肢,1
4609,霸天虎,1
4610,侵略,1
4611,改装,1
4612,开篇,1
4613,进度,1
4614,除恶,1
4615,恶龙,1
4616,征税,1
4617,856,1
4618,反思,1
4619,拓展,1
4620,代收,1
4621,放丰巢,1
4622,逐年,1
4623,势必,1
4624,补足,1
4625,产物,1
4626,开放市场,1
4627,集贸,1
4628,这辈,1
4629,没指望,1
4630,十指,1
4631,沾泥,1
4632,鳞鳞,1
4633,大厦,1
4634,转走,1
4635,甜头,1
4636,经营,1
4637,缩小,1
4638,背景,1
4639,领悟,1
4640,厚道,1
4641,搞不定,1
4642,补助,1
4643,缓慢,1
4644,疏导,1
4645,必不可少,1
4646,活着,1
4647,何在,1
4648,追不上,1
4649,饿不死,1
4650,烦恼,1
4651,门外,1
4652,梦见,1
4653,运输成本,1
4654,关税,1
4655,外汇储备,1
4656,五十,1
4657,287,1
4658,算下来,1
4659,六块,1
4660,出头,1
4661,祖国,1
4662,武斗,1
4663,bushi,1
4664,注重,1
4665,九成,1
4666,所有者,1
4667,后台,1
4668,调度,1
4669,一根,1
4670,蜡烛,1
4671,燃烧,1
4672,奉献,1
4673,封建社会,1
4674,王朝,1
4675,末年,1
4676,有何,1
4677,公报,1
4678,卖房子,1
4679,出让,1
4680,助长,1
4681,光看,1
4682,首钢,1
4683,一圈,1
4684,灭亡,1
4685,硅基,1
4686,生物,1
4687,永恒,1
4688,主题,1
4689,民智未开,1
4690,盾牌,1
4691,再开,1
4692,打赏,1
4693,糊口,1
4694,转等,1
4695,拿不出,1
4696,吃大锅饭,1
4697,码头工人,1
4698,hero,1
4699,正视,1
4700,历史潮流,1
4701,大局,1
4702,成全,1
4703,障碍,1
4704,制作,1
4705,啧啧,1
4706,消极,1
4707,打压,1
4708,热血,1
4709,失败主义,1
4710,早些,1
4711,毁掉,1
4712,全蛋,1
4713,教培,1
4714,覆灭,1
4715,贵得,1
4716,吓人,1
4717,左边,1
4718,这位,1
4719,主想,1
4720,听个,1
4721,乐吧,1
4722,那下,1
4723,一步,1
4724,流动资金,1
4725,看不见,1
4726,挑出来,1
4727,拜托,1
4728,主动,1
4729,一个劲,1
4730,趋于,1
4731,做大,1
4732,三分之二,1
4733,封号,1
4734,985,1
4735,法定,1
4736,在线,1
4737,OPEN,1
4738,禁止,1
4739,集群,1
4740,吃吃喝喝,1
4741,剪辑,1
4742,层皮,1
4743,本科,1
4744,挺晕,1
4745,工人失业,1
4746,还会导,1
4747,很挤,1
4748,巷子,1
4749,半天,1
4750,吃不饱,1
4751,西安,1
4752,有好有坏,1
4753,一夜之间,1
4754,来到,1
4755,夜之城,1
4756,再算进,1
4757,8AI,1
4758,f8ac60e8,1
4759,我用,1
4760,深水,1
4761,区辣,1
4762,用工,1
4763,减到,1
4764,疲劳,1
4765,社嘛,1
4766,沈阳,1
4767,新能源,1
4768,太快,1
4769,恕我直言,1
4770,如调,1
4771,人太,1
4772,撕裂,1
4773,压根儿,1
4774,来临,1
4775,绿色,1
4776,考验,1
4777,最该,1
4778,留下来,1
4779,六耶,1
4780,进准,1
4781,土木,1
4782,老哥,1
4783,盖楼,1
4784,出大,1
4785,ta,1
4786,298,1
4787,个赞,1
4788,170,1
4789,放心好了,1
4790,想太多,1
4791,同学,1
4792,极少,1
4793,损失,1
4794,网线,1
4795,另一端,1
4796,个主播,1
4797,想解,1
4798,穿过,1
4799,小区,1
4800,内部,1
4801,躲避,1
4802,干不了,1
4803,车配,1
4804,关键点,1
4805,嫌疑,1
4806,羊头,1
4807,作者,1
4808,供给,1
4809,提幻,1
4810,经济学,1
4811,处刑,1
4812,全民所有,1
4813,百万分之一,1
4814,广进,1
4815,仲彩费,1
4816,吵架,1
4817,选择性,1
4818,天地,1
4819,法案,1
4820,深入人心,1
4821,坑货,1
4822,开来,1
4823,恶臭,1
4824,南京,1
4825,飞出去,1
4826,多人过,1
4827,小本经营,1
4828,车不动,1
4829,不上,1
4830,撤单,1
4831,着落,1
4832,大笔,1
4833,有利于,1
4834,穿梭机,1
4835,团队,1
4836,要事,1
4837,点睛之笔,1
4838,羊毛,1
4839,抬价,1
4840,省电不开,1
4841,苦笑,1
4842,熊厚,1
4843,少刷,1
4844,努力争取,1
4845,坐享其成,1
4846,部署,1
4847,等级,1
4848,七折,1
4849,灯火通明,1
4850,大白话,1
4851,平替,1
4852,人品,1
4853,做好,1
4854,心理准备,1
4855,死注,1
4856,选做,1
4857,太卷,1
4858,太中,1
4859,挤掉,1
4860,民粹,1
4861,一支,1
4862,眉笔,1
4863,第二个,1
4864,巨轮,1
4865,KETUI,1
4866,人体,1
4867,感只,1
4868,更糟,1
4869,虹桥,1
4870,新闻,1
4871,嘿嘿嘿,1
4872,1170,1
4873,好气,1
4874,早上,1
4875,愉快,1
4876,100R,1
4877,5%,1
4878,精度,1
4879,电阻,1
4880,困了,1
4881,谋杀,1
4882,取决于,1
4883,利刃,1
4884,先打,1
4885,初一,1
4886,1w,1
4887,没人会,1
4888,买单,1
4889,还点,1
4890,症结所在,1
4891,晕感,1
4892,空腹,1
4893,不玩会,1
4894,外资,1
4895,军队,1
4896,李总,1
4897,控制能力,1
4898,处事,1
4899,不惊,1
4900,6PV,1
4901,独霸,1
4902,一站,1
4903,呵哥,1
4904,平民,1
4905,转换,1
4906,近代,1
4907,高得,1
4908,好评,1
4909,织女,1
4910,算不算,1
4911,抽卡,1
4912,金手游,1
4913,小钱,1
4914,摆出来,1
4915,132QW4E5R6T7Y8U9I0P,1
4916,qwaesrdtfyguhijokp,1
4917,李宏彦,1
4918,演讲,1
4919,发布会,1
4920,台下,1
4921,蚂蚁,1
4922,金服,1
4923,老爷,1
4924,尖锐,1
4925,上课,1
4926,人晕,1
4927,大智若愚,1
4928,西游记,1
4929,妖怪,1
4930,看人下菜,1
4931,遵义,1
4932,第一次世界大战,1
4933,善堂,1
4934,无论如何,1
4935,转化成,1
4936,说了半天,1
4937,一语道破,1
4938,看似,1
4939,别下,1
4940,回合,1
4941,天亮,1
4942,黑心,1
4943,占便宜,1
4944,没够,1
4945,眼中,1
4946,马圣,1
4947,修改,1
4948,中产阶级,1
4949,风箱,1
4950,名不虚传,1
4951,PUA,1
4952,倾轧,1
4953,社达,1
4954,模型,1
4955,望尘莫及,1
4956,罗辑,1
4957,社会化,1
4958,车来,1
4959,快完了,1
4960,天气,1
4961,以内,1
4962,工薪,1
4963,TM,1
4964,稍稍,1
4965,麻德,1
4966,困住,1
4967,钥匙,1
4968,先别,1
4969,想会,1
4970,多大,1
4971,别想,1
4972,单干,1
4973,拉回来,1
4974,高见,1
4975,说来听听,1
4976,潘多拉,1
4977,给你个,1
4978,挣扎,1
4979,不碎,1
4980,不富,1
4981,人来,1
4982,理念,1
4983,靠着,1
4984,说些,1
4985,啥子,1
4986,腰疼,1
4987,空谈,1
4988,自觉,1
4989,团体,1
4990,战绩,1
4991,不招,1
4992,缴税,1
4993,追责,1
4994,成本上升,1
4995,这同,1
4996,爆发,1
4997,应有,1
4998,优先选择,1
4999,精密,1
5000,一个个,1
5001,走出,1
5002,困境,1
5003,脱离,1
5004,搞清,1
5005,摩托车,1
5006,网络,1
5007,发言,1
5008,攒钱,1
5009,一辆,1
5010,记忆,1
5011,复苏,1
5012,想当然,1
5013,天公,1
5014,抖擞,1
5015,不拘一格,1
5016,一顿,1
5017,自个,1
5018,DAI,1
5019,版权,1
5020,拉大,1
5021,信心,1
5022,tsl,1
5023,功夫,1
5024,找点,1
5025,白日做梦,1
5026,统一战线,1
5027,倒计时,1
5028,事故,1
5029,职业道德,1
5030,规范,1
5031,百团大战,1
5032,活生生,1
5033,2ai,1
5034,显现出来,1
5035,一项,1
5036,伤害,1
5037,完美,1
5038,那博主,1
5039,由谁来,1
5040,忧心忡忡,1
5041,大幅提高,1
5042,汇集,1
5043,微笑,1
5044,驱动,1
5045,重要环节,1
5046,砸毁,1
5047,没法子,1
5048,更苦,1
5049,定然,1
5050,张彦宏,1
5051,王彦宏,1
5052,Mr,1
5053,上线,1
5054,主说,1
5055,技术水平,1
5056,积累,1
5057,半小时,1
5058,三观,1
5059,不正,1
5060,私有化,1
5061,构建,1
5062,画面,1
5063,硝烟,1
5064,喷得,1
5065,自主性,1
5066,最具,1
5067,他敢,1
